course_id,prof_id,semester,comment
CSE101,PROF026,1,one of the best courses i have taken highly interactive sessions
CSE101,PROF026,1,the course content was relevant and up to date with industry trends
CSE101,PROF026,1,very engaging lectures the professor explains concepts clearly
CSE101,PROF026,1,professor was okay explanations were sometimes unclear
CSE101,PROF026,1,very engaging lectures the professor explains concepts clearly
CSE101,PROF026,1,assignments were well structured and helped reinforce learning
CSE101,PROF026,1,professor is very approachable and always ready to help students
CSE101,PROF026,1,lectures were fine nothing extraordinary but covered the syllabus
CSE101,PROF002,2,lectures were fine nothing extraordinary but covered the syllabus
CSE101,PROF002,2,some topics were skipped due to time constraints
CSE101,PROF002,2,assignments were too difficult and not related to what was taught
CSE101,PROF002,2,the course was decent assignments could be more challenging
CSE101,PROF002,2,very well organized course with clear learning outcomes
CSE101,PROF002,2,the content felt outdated and not relevant to current practices
CSE101,PROF002,2,very boring lectures professor reads directly from slides
CSE101,PROF002,2,very disappointing course expected much more depth
CSE101,PROF001,3,professor was okay explanations were sometimes unclear
CSE101,PROF001,3,lectures were fine nothing extraordinary but covered the syllabus
CSE101,PROF001,3,assignments were well structured and helped reinforce learning
CSE101,PROF009,4,very engaging lectures the professor explains concepts clearly
CSE101,PROF009,4,professor is very approachable and always ready to help students
CSE101,PROF009,4,the course content was relevant and up to date with industry trends
CSE101,PROF009,4,the course content was relevant and up to date with industry trends
CSE101,PROF009,4,some topics were skipped due to time constraints
CSE101,PROF009,4,very disappointing course expected much more depth
CSE101,PROF009,4,the course content was relevant and up to date with industry trends
CSE101,PROF004,5,professor was okay explanations were sometimes unclear
CSE101,PROF004,5,the course was decent assignments could be more challenging
CSE101,PROF004,5,poor course structure topics were taught out of order
CSE101,PROF004,5,the professor was often unavailable outside of class hours
CSE101,PROF004,5,assignments were too difficult and not related to what was taught
CSE101,PROF004,5,poor course structure topics were taught out of order
CSE101,PROF011,6,some topics were skipped due to time constraints
CSE101,PROF011,6,the content felt outdated and not relevant to current practices
CSE101,PROF011,6,very well organized course with clear learning outcomes
CSE101,PROF011,6,course organization was average slides were not always up to date
CSE101,PROF011,6,very boring lectures professor reads directly from slides
CSE102,PROF029,1,course organization was average slides were not always up to date
CSE102,PROF029,1,very disappointing course expected much more depth
CSE102,PROF029,1,the course was decent assignments could be more challenging
CSE102,PROF006,2,very disappointing course expected much more depth
CSE102,PROF006,2,the course content was relevant and up to date with industry trends
CSE102,PROF006,2,the course content was relevant and up to date with industry trends
CSE102,PROF006,2,one of the best courses i have taken highly interactive sessions
CSE102,PROF006,2,professor was okay explanations were sometimes unclear
CSE102,PROF006,2,one of the best courses i have taken highly interactive sessions
CSE102,PROF006,2,excellent teaching style made difficult topics easy to understand
CSE102,PROF003,3,very disappointing course expected much more depth
CSE102,PROF003,3,the professor was often unavailable outside of class hours
CSE102,PROF003,3,the course was decent assignments could be more challenging
CSE102,PROF003,3,the course was decent assignments could be more challenging
CSE102,PROF003,3,very disappointing course expected much more depth
CSE102,PROF029,4,very disappointing course expected much more depth
CSE102,PROF029,4,the professor was often unavailable outside of class hours
CSE102,PROF029,4,lectures were fine nothing extraordinary but covered the syllabus
CSE102,PROF029,4,assignments were too difficult and not related to what was taught
CSE102,PROF029,4,course organization was average slides were not always up to date
CSE102,PROF029,4,lectures were fine nothing extraordinary but covered the syllabus
CSE102,PROF029,4,very boring lectures professor reads directly from slides
CSE102,PROF029,4,the content felt outdated and not relevant to current practices
CSE102,PROF011,5,very disappointing course expected much more depth
CSE102,PROF011,5,the course was decent assignments could be more challenging
CSE102,PROF011,5,very disappointing course expected much more depth
CSE102,PROF011,5,assignments were too difficult and not related to what was taught
CSE102,PROF011,5,very disappointing course expected much more depth
CSE102,PROF011,5,average course content was okay but could have been more detailed
CSE102,PROF020,6,the professor s real world examples made the subject very interesting
CSE102,PROF020,6,the course was decent assignments could be more challenging
CSE102,PROF020,6,the course was decent assignments could be more challenging
CSE102,PROF020,6,very well organized course with clear learning outcomes
CSE102,PROF020,6,poor course structure topics were taught out of order
CSE102,PROF020,6,very well organized course with clear learning outcomes
CSE102,PROF020,6,very disappointing course expected much more depth
CSE102,PROF020,6,very engaging lectures the professor explains concepts clearly
CSE201,PROF016,1,very disappointing course expected much more depth
CSE201,PROF016,1,the content felt outdated and not relevant to current practices
CSE201,PROF016,1,lectures were fine nothing extraordinary but covered the syllabus
CSE201,PROF016,1,the professor was often unavailable outside of class hours
CSE201,PROF016,1,very disappointing course expected much more depth
CSE201,PROF016,1,very disappointing course expected much more depth
CSE201,PROF016,1,assignments were too difficult and not related to what was taught
CSE201,PROF001,2,course organization was average slides were not always up to date
CSE201,PROF001,2,the professor s real world examples made the subject very interesting
CSE201,PROF001,2,some topics were skipped due to time constraints
CSE201,PROF001,2,excellent teaching style made difficult topics easy to understand
CSE201,PROF001,2,the course content was relevant and up to date with industry trends
CSE201,PROF001,2,assignments were well structured and helped reinforce learning
CSE201,PROF001,2,some topics were skipped due to time constraints
CSE201,PROF001,2,course organization was average slides were not always up to date
CSE201,PROF021,3,the course was decent assignments could be more challenging
CSE201,PROF021,3,average course content was okay but could have been more detailed
CSE201,PROF021,3,poor course structure topics were taught out of order
CSE201,PROF021,3,lectures were fine nothing extraordinary but covered the syllabus
CSE201,PROF020,4,the course content was relevant and up to date with industry trends
CSE201,PROF020,4,some topics were skipped due to time constraints
CSE201,PROF020,4,the content felt outdated and not relevant to current practices
CSE201,PROF020,4,assignments were too difficult and not related to what was taught
CSE201,PROF020,4,some topics were skipped due to time constraints
CSE201,PROF020,4,the professor was often unavailable outside of class hours
CSE201,PROF020,4,very disappointing course expected much more depth
CSE201,PROF020,4,very boring lectures professor reads directly from slides
CSE201,PROF014,5,the course was decent assignments could be more challenging
CSE201,PROF014,5,lectures were fine nothing extraordinary but covered the syllabus
CSE201,PROF014,5,the course content was relevant and up to date with industry trends
CSE201,PROF014,5,very well organized course with clear learning outcomes
CSE201,PROF002,6,the professor was often unavailable outside of class hours
CSE201,PROF002,6,the professor was often unavailable outside of class hours
CSE201,PROF002,6,the content felt outdated and not relevant to current practices
CSE201,PROF002,6,the professor was often unavailable outside of class hours
CSE201,PROF002,6,poor course structure topics were taught out of order
CSE202,PROF011,1,the professor s real world examples made the subject very interesting
CSE202,PROF011,1,average course content was okay but could have been more detailed
CSE202,PROF011,1,some topics were skipped due to time constraints
CSE202,PROF007,2,the content felt outdated and not relevant to current practices
CSE202,PROF007,2,the content felt outdated and not relevant to current practices
CSE202,PROF007,2,one of the best courses i have taken highly interactive sessions
CSE202,PROF007,2,the professor s real world examples made the subject very interesting
CSE202,PROF007,2,lectures were fine nothing extraordinary but covered the syllabus
CSE202,PROF007,2,one of the best courses i have taken highly interactive sessions
CSE202,PROF007,2,some topics were skipped due to time constraints
CSE202,PROF023,3,the content felt outdated and not relevant to current practices
CSE202,PROF023,3,the course was decent assignments could be more challenging
CSE202,PROF023,3,professor was okay explanations were sometimes unclear
CSE202,PROF023,3,average course content was okay but could have been more detailed
CSE202,PROF023,3,lectures were fine nothing extraordinary but covered the syllabus
CSE202,PROF023,3,lectures were fine nothing extraordinary but covered the syllabus
CSE202,PROF024,4,the professor was often unavailable outside of class hours
CSE202,PROF024,4,poor course structure topics were taught out of order
CSE202,PROF024,4,the content felt outdated and not relevant to current practices
CSE202,PROF024,4,professor was okay explanations were sometimes unclear
CSE202,PROF024,5,the professor was often unavailable outside of class hours
CSE202,PROF024,5,some topics were skipped due to time constraints
CSE202,PROF024,5,assignments were well structured and helped reinforce learning
CSE202,PROF024,5,one of the best courses i have taken highly interactive sessions
CSE202,PROF009,6,excellent teaching style made difficult topics easy to understand
CSE202,PROF009,6,very disappointing course expected much more depth
CSE202,PROF009,6,assignments were well structured and helped reinforce learning
CSE202,PROF009,6,the course was decent assignments could be more challenging
CSE202,PROF009,6,very engaging lectures the professor explains concepts clearly
CSE202,PROF009,6,average course content was okay but could have been more detailed
CSE301,PROF010,1,the course content was relevant and up to date with industry trends
CSE301,PROF010,1,lectures were fine nothing extraordinary but covered the syllabus
CSE301,PROF010,1,lectures were fine nothing extraordinary but covered the syllabus
CSE301,PROF010,1,assignments were well structured and helped reinforce learning
CSE301,PROF010,1,poor course structure topics were taught out of order
CSE301,PROF010,1,one of the best courses i have taken highly interactive sessions
CSE301,PROF008,2,course organization was average slides were not always up to date
CSE301,PROF008,2,professor was okay explanations were sometimes unclear
CSE301,PROF008,2,some topics were skipped due to time constraints
CSE301,PROF008,2,very well organized course with clear learning outcomes
CSE301,PROF002,3,very well organized course with clear learning outcomes
CSE301,PROF002,3,poor course structure topics were taught out of order
CSE301,PROF002,3,very well organized course with clear learning outcomes
CSE301,PROF002,3,average course content was okay but could have been more detailed
CSE301,PROF002,3,very boring lectures professor reads directly from slides
CSE301,PROF002,3,professor is very approachable and always ready to help students
CSE301,PROF019,4,excellent teaching style made difficult topics easy to understand
CSE301,PROF019,4,very engaging lectures the professor explains concepts clearly
CSE301,PROF019,4,the professor was often unavailable outside of class hours
CSE301,PROF019,4,the content felt outdated and not relevant to current practices
CSE301,PROF019,4,professor is very approachable and always ready to help students
CSE301,PROF019,4,average course content was okay but could have been more detailed
CSE301,PROF019,4,very engaging lectures the professor explains concepts clearly
CSE301,PROF019,4,very disappointing course expected much more depth
CSE301,PROF027,5,assignments were too difficult and not related to what was taught
CSE301,PROF027,5,professor is very approachable and always ready to help students
CSE301,PROF027,5,excellent teaching style made difficult topics easy to understand
CSE301,PROF027,5,the course content was relevant and up to date with industry trends
CSE301,PROF027,5,assignments were well structured and helped reinforce learning
CSE301,PROF027,5,very boring lectures professor reads directly from slides
CSE301,PROF027,5,professor was okay explanations were sometimes unclear
CSE301,PROF027,5,the course content was relevant and up to date with industry trends
CSE301,PROF005,6,one of the best courses i have taken highly interactive sessions
CSE301,PROF005,6,very boring lectures professor reads directly from slides
CSE301,PROF005,6,the course content was relevant and up to date with industry trends
CSE301,PROF005,6,the course content was relevant and up to date with industry trends
CSE302,PROF012,1,some topics were skipped due to time constraints
CSE302,PROF012,1,the content felt outdated and not relevant to current practices
CSE302,PROF012,1,the content felt outdated and not relevant to current practices
CSE302,PROF012,1,course organization was average slides were not always up to date
CSE302,PROF012,1,excellent teaching style made difficult topics easy to understand
CSE302,PROF012,1,very well organized course with clear learning outcomes
CSE302,PROF014,2,lectures were fine nothing extraordinary but covered the syllabus
CSE302,PROF014,2,the professor was often unavailable outside of class hours
CSE302,PROF014,2,poor course structure topics were taught out of order
CSE302,PROF014,2,the professor was often unavailable outside of class hours
CSE302,PROF014,2,assignments were too difficult and not related to what was taught
CSE302,PROF014,2,assignments were too difficult and not related to what was taught
CSE302,PROF014,2,poor course structure topics were taught out of order
CSE302,PROF014,2,very boring lectures professor reads directly from slides
CSE302,PROF010,3,professor is very approachable and always ready to help students
CSE302,PROF010,3,assignments were well structured and helped reinforce learning
CSE302,PROF010,3,professor is very approachable and always ready to help students
CSE302,PROF010,3,very engaging lectures the professor explains concepts clearly
CSE302,PROF022,4,assignments were well structured and helped reinforce learning
CSE302,PROF022,4,one of the best courses i have taken highly interactive sessions
CSE302,PROF022,4,the professor was often unavailable outside of class hours
CSE302,PROF022,4,very engaging lectures the professor explains concepts clearly
CSE302,PROF022,4,professor was okay explanations were sometimes unclear
CSE302,PROF022,4,the course content was relevant and up to date with industry trends
CSE302,PROF022,4,course organization was average slides were not always up to date
CSE302,PROF020,5,average course content was okay but could have been more detailed
CSE302,PROF020,5,the content felt outdated and not relevant to current practices
CSE302,PROF020,5,average course content was okay but could have been more detailed
CSE302,PROF020,5,some topics were skipped due to time constraints
CSE302,PROF020,5,average course content was okay but could have been more detailed
CSE302,PROF020,5,some topics were skipped due to time constraints
CSE302,PROF020,5,very engaging lectures the professor explains concepts clearly
CSE302,PROF007,6,one of the best courses i have taken highly interactive sessions
CSE302,PROF007,6,very well organized course with clear learning outcomes
CSE302,PROF007,6,poor course structure topics were taught out of order
ECE101,PROF001,1,average course content was okay but could have been more detailed
ECE101,PROF001,1,course organization was average slides were not always up to date
ECE101,PROF001,1,the professor was often unavailable outside of class hours
ECE101,PROF001,1,professor was okay explanations were sometimes unclear
ECE101,PROF001,1,very disappointing course expected much more depth
ECE101,PROF001,1,lectures were fine nothing extraordinary but covered the syllabus
ECE101,PROF006,2,very disappointing course expected much more depth
ECE101,PROF006,2,some topics were skipped due to time constraints
ECE101,PROF006,2,some topics were skipped due to time constraints
ECE101,PROF006,2,very engaging lectures the professor explains concepts clearly
ECE101,PROF010,3,poor course structure topics were taught out of order
ECE101,PROF010,3,some topics were skipped due to time constraints
ECE101,PROF010,3,one of the best courses i have taken highly interactive sessions
ECE101,PROF010,3,the course content was relevant and up to date with industry trends
ECE101,PROF010,3,the content felt outdated and not relevant to current practices
ECE101,PROF016,4,assignments were well structured and helped reinforce learning
ECE101,PROF016,4,very well organized course with clear learning outcomes
ECE101,PROF016,4,one of the best courses i have taken highly interactive sessions
ECE101,PROF016,4,one of the best courses i have taken highly interactive sessions
ECE101,PROF016,4,the course was decent assignments could be more challenging
ECE101,PROF016,4,one of the best courses i have taken highly interactive sessions
ECE101,PROF016,4,average course content was okay but could have been more detailed
ECE101,PROF004,5,professor is very approachable and always ready to help students
ECE101,PROF004,5,the content felt outdated and not relevant to current practices
ECE101,PROF004,5,lectures were fine nothing extraordinary but covered the syllabus
ECE101,PROF004,5,the course content was relevant and up to date with industry trends
ECE101,PROF004,5,professor is very approachable and always ready to help students
ECE101,PROF004,5,the course was decent assignments could be more challenging
ECE101,PROF026,6,poor course structure topics were taught out of order
ECE101,PROF026,6,the course was decent assignments could be more challenging
ECE101,PROF026,6,assignments were well structured and helped reinforce learning
ECE101,PROF026,6,very boring lectures professor reads directly from slides
ECE101,PROF026,6,course organization was average slides were not always up to date
ECE101,PROF026,6,professor was okay explanations were sometimes unclear
ECE101,PROF026,6,lectures were fine nothing extraordinary but covered the syllabus
ECE101,PROF026,6,the professor s real world examples made the subject very interesting
ECE102,PROF016,1,assignments were too difficult and not related to what was taught
ECE102,PROF016,1,average course content was okay but could have been more detailed
ECE102,PROF016,1,very boring lectures professor reads directly from slides
ECE102,PROF016,1,very disappointing course expected much more depth
ECE102,PROF016,1,very boring lectures professor reads directly from slides
ECE102,PROF029,2,the content felt outdated and not relevant to current practices
ECE102,PROF029,2,very disappointing course expected much more depth
ECE102,PROF029,2,poor course structure topics were taught out of order
ECE102,PROF009,3,very boring lectures professor reads directly from slides
ECE102,PROF009,3,the content felt outdated and not relevant to current practices
ECE102,PROF009,3,very boring lectures professor reads directly from slides
ECE102,PROF009,3,very disappointing course expected much more depth
ECE102,PROF021,4,one of the best courses i have taken highly interactive sessions
ECE102,PROF021,4,the course was decent assignments could be more challenging
ECE102,PROF021,4,professor is very approachable and always ready to help students
ECE102,PROF021,4,poor course structure topics were taught out of order
ECE102,PROF021,4,the course was decent assignments could be more challenging
ECE102,PROF021,4,the professor was often unavailable outside of class hours
ECE102,PROF021,4,professor was okay explanations were sometimes unclear
ECE102,PROF021,4,average course content was okay but could have been more detailed
ECE102,PROF013,5,lectures were fine nothing extraordinary but covered the syllabus
ECE102,PROF013,5,very engaging lectures the professor explains concepts clearly
ECE102,PROF013,5,the course was decent assignments could be more challenging
ECE102,PROF012,6,excellent teaching style made difficult topics easy to understand
ECE102,PROF012,6,poor course structure topics were taught out of order
ECE102,PROF012,6,very disappointing course expected much more depth
ECE102,PROF012,6,very boring lectures professor reads directly from slides
ECE102,PROF012,6,average course content was okay but could have been more detailed
ECE201,PROF013,1,very engaging lectures the professor explains concepts clearly
ECE201,PROF013,1,lectures were fine nothing extraordinary but covered the syllabus
ECE201,PROF013,1,very disappointing course expected much more depth
ECE201,PROF006,2,assignments were too difficult and not related to what was taught
ECE201,PROF006,2,the professor was often unavailable outside of class hours
ECE201,PROF006,2,the professor was often unavailable outside of class hours
ECE201,PROF006,2,the professor s real world examples made the subject very interesting
ECE201,PROF006,2,the content felt outdated and not relevant to current practices
ECE201,PROF006,2,the professor was often unavailable outside of class hours
ECE201,PROF006,2,some topics were skipped due to time constraints
ECE201,PROF006,2,very boring lectures professor reads directly from slides
ECE201,PROF002,3,excellent teaching style made difficult topics easy to understand
ECE201,PROF002,3,assignments were too difficult and not related to what was taught
ECE201,PROF002,3,one of the best courses i have taken highly interactive sessions
ECE201,PROF002,3,professor was okay explanations were sometimes unclear
ECE201,PROF002,3,very well organized course with clear learning outcomes
ECE201,PROF015,4,the course was decent assignments could be more challenging
ECE201,PROF015,4,professor was okay explanations were sometimes unclear
ECE201,PROF015,4,the professor s real world examples made the subject very interesting
ECE201,PROF015,4,very well organized course with clear learning outcomes
ECE201,PROF015,4,some topics were skipped due to time constraints
ECE201,PROF015,4,assignments were well structured and helped reinforce learning
ECE201,PROF009,5,lectures were fine nothing extraordinary but covered the syllabus
ECE201,PROF009,5,very engaging lectures the professor explains concepts clearly
ECE201,PROF009,5,assignments were too difficult and not related to what was taught
ECE201,PROF027,6,professor was okay explanations were sometimes unclear
ECE201,PROF027,6,course organization was average slides were not always up to date
ECE201,PROF027,6,professor was okay explanations were sometimes unclear
ECE202,PROF019,1,some topics were skipped due to time constraints
ECE202,PROF019,1,professor was okay explanations were sometimes unclear
ECE202,PROF019,1,lectures were fine nothing extraordinary but covered the syllabus
ECE202,PROF019,1,the content felt outdated and not relevant to current practices
ECE202,PROF019,1,professor was okay explanations were sometimes unclear
ECE202,PROF019,1,excellent teaching style made difficult topics easy to understand
ECE202,PROF019,1,the content felt outdated and not relevant to current practices
ECE202,PROF005,2,very disappointing course expected much more depth
ECE202,PROF005,2,some topics were skipped due to time constraints
ECE202,PROF005,2,lectures were fine nothing extraordinary but covered the syllabus
ECE202,PROF023,3,the professor s real world examples made the subject very interesting
ECE202,PROF023,3,one of the best courses i have taken highly interactive sessions
ECE202,PROF023,3,professor was okay explanations were sometimes unclear
ECE202,PROF023,3,the professor s real world examples made the subject very interesting
ECE202,PROF023,3,very engaging lectures the professor explains concepts clearly
ECE202,PROF023,3,average course content was okay but could have been more detailed
ECE202,PROF004,4,very disappointing course expected much more depth
ECE202,PROF004,4,excellent teaching style made difficult topics easy to understand
ECE202,PROF004,4,very boring lectures professor reads directly from slides
ECE202,PROF004,4,some topics were skipped due to time constraints
ECE202,PROF004,4,some topics were skipped due to time constraints
ECE202,PROF022,5,some topics were skipped due to time constraints
ECE202,PROF022,5,course organization was average slides were not always up to date
ECE202,PROF022,5,professor is very approachable and always ready to help students
ECE202,PROF022,5,very disappointing course expected much more depth
ECE202,PROF022,5,excellent teaching style made difficult topics easy to understand
ECE202,PROF022,5,course organization was average slides were not always up to date
ECE202,PROF022,5,one of the best courses i have taken highly interactive sessions
ECE202,PROF026,6,some topics were skipped due to time constraints
ECE202,PROF026,6,very disappointing course expected much more depth
ECE202,PROF026,6,professor is very approachable and always ready to help students
ECE202,PROF026,6,poor course structure topics were taught out of order
ECE202,PROF026,6,the course was decent assignments could be more challenging
ECE202,PROF026,6,some topics were skipped due to time constraints
ECE301,PROF014,1,some topics were skipped due to time constraints
ECE301,PROF014,1,poor course structure topics were taught out of order
ECE301,PROF014,1,assignments were too difficult and not related to what was taught
ECE301,PROF014,1,course organization was average slides were not always up to date
ECE301,PROF014,1,the content felt outdated and not relevant to current practices
ECE301,PROF014,1,very engaging lectures the professor explains concepts clearly
ECE301,PROF014,1,average course content was okay but could have been more detailed
ECE301,PROF014,1,very disappointing course expected much more depth
ECE301,PROF019,2,the content felt outdated and not relevant to current practices
ECE301,PROF019,2,poor course structure topics were taught out of order
ECE301,PROF019,2,the professor s real world examples made the subject very interesting
ECE301,PROF019,2,assignments were too difficult and not related to what was taught
ECE301,PROF018,3,the professor s real world examples made the subject very interesting
ECE301,PROF018,3,excellent teaching style made difficult topics easy to understand
ECE301,PROF018,3,professor is very approachable and always ready to help students
ECE301,PROF027,4,the course was decent assignments could be more challenging
ECE301,PROF027,4,very boring lectures professor reads directly from slides
ECE301,PROF027,4,course organization was average slides were not always up to date
ECE301,PROF027,4,assignments were too difficult and not related to what was taught
ECE301,PROF027,4,very well organized course with clear learning outcomes
ECE301,PROF027,5,professor is very approachable and always ready to help students
ECE301,PROF027,5,one of the best courses i have taken highly interactive sessions
ECE301,PROF027,5,the professor s real world examples made the subject very interesting
ECE301,PROF027,5,the professor s real world examples made the subject very interesting
ECE301,PROF027,5,the professor s real world examples made the subject very interesting
ECE301,PROF027,5,one of the best courses i have taken highly interactive sessions
ECE301,PROF014,6,professor was okay explanations were sometimes unclear
ECE301,PROF014,6,the course was decent assignments could be more challenging
ECE301,PROF014,6,one of the best courses i have taken highly interactive sessions
ECE301,PROF014,6,professor was okay explanations were sometimes unclear
ECE301,PROF014,6,very engaging lectures the professor explains concepts clearly
ECE301,PROF014,6,very boring lectures professor reads directly from slides
ECE302,PROF022,1,poor course structure topics were taught out of order
ECE302,PROF022,1,average course content was okay but could have been more detailed
ECE302,PROF022,1,the content felt outdated and not relevant to current practices
ECE302,PROF022,1,the content felt outdated and not relevant to current practices
ECE302,PROF022,1,very engaging lectures the professor explains concepts clearly
ECE302,PROF022,1,very boring lectures professor reads directly from slides
ECE302,PROF030,2,the course content was relevant and up to date with industry trends
ECE302,PROF030,2,the content felt outdated and not relevant to current practices
ECE302,PROF030,2,the content felt outdated and not relevant to current practices
ECE302,PROF030,2,assignments were too difficult and not related to what was taught
ECE302,PROF030,2,some topics were skipped due to time constraints
ECE302,PROF030,2,some topics were skipped due to time constraints
ECE302,PROF030,2,professor was okay explanations were sometimes unclear
ECE302,PROF019,3,excellent teaching style made difficult topics easy to understand
ECE302,PROF019,3,very engaging lectures the professor explains concepts clearly
ECE302,PROF019,3,professor is very approachable and always ready to help students
ECE302,PROF019,3,the professor s real world examples made the subject very interesting
ECE302,PROF019,3,excellent teaching style made difficult topics easy to understand
ECE302,PROF008,4,the content felt outdated and not relevant to current practices
ECE302,PROF008,4,the content felt outdated and not relevant to current practices
ECE302,PROF008,4,the professor s real world examples made the subject very interesting
ECE302,PROF008,4,excellent teaching style made difficult topics easy to understand
ECE302,PROF008,4,the professor s real world examples made the subject very interesting
ECE302,PROF008,4,very boring lectures professor reads directly from slides
ECE302,PROF008,4,one of the best courses i have taken highly interactive sessions
ECE302,PROF010,5,lectures were fine nothing extraordinary but covered the syllabus
ECE302,PROF010,5,very engaging lectures the professor explains concepts clearly
ECE302,PROF010,5,excellent teaching style made difficult topics easy to understand
ECE302,PROF010,5,excellent teaching style made difficult topics easy to understand
ECE302,PROF010,5,some topics were skipped due to time constraints
ECE302,PROF010,5,the course content was relevant and up to date with industry trends
ECE302,PROF010,5,excellent teaching style made difficult topics easy to understand
ECE302,PROF010,5,one of the best courses i have taken highly interactive sessions
ECE302,PROF013,6,lectures were fine nothing extraordinary but covered the syllabus
ECE302,PROF013,6,poor course structure topics were taught out of order
ECE302,PROF013,6,assignments were well structured and helped reinforce learning
ME101,PROF028,1,very disappointing course expected much more depth
ME101,PROF028,1,some topics were skipped due to time constraints
ME101,PROF028,1,very well organized course with clear learning outcomes
ME101,PROF028,1,average course content was okay but could have been more detailed
ME101,PROF028,1,the course content was relevant and up to date with industry trends
ME101,PROF028,1,course organization was average slides were not always up to date
ME101,PROF028,1,lectures were fine nothing extraordinary but covered the syllabus
ME101,PROF028,1,professor is very approachable and always ready to help students
ME101,PROF002,2,professor was okay explanations were sometimes unclear
ME101,PROF002,2,assignments were too difficult and not related to what was taught
ME101,PROF002,2,poor course structure topics were taught out of order
ME101,PROF019,3,excellent teaching style made difficult topics easy to understand
ME101,PROF019,3,very boring lectures professor reads directly from slides
ME101,PROF019,3,very well organized course with clear learning outcomes
ME101,PROF019,3,very engaging lectures the professor explains concepts clearly
ME101,PROF017,4,some topics were skipped due to time constraints
ME101,PROF017,4,one of the best courses i have taken highly interactive sessions
ME101,PROF017,4,the professor s real world examples made the subject very interesting
ME101,PROF017,4,the professor s real world examples made the subject very interesting
ME101,PROF017,4,some topics were skipped due to time constraints
ME101,PROF017,4,course organization was average slides were not always up to date
ME101,PROF017,4,assignments were well structured and helped reinforce learning
ME101,PROF017,4,the professor s real world examples made the subject very interesting
ME101,PROF019,5,very engaging lectures the professor explains concepts clearly
ME101,PROF019,5,very well organized course with clear learning outcomes
ME101,PROF019,5,the professor s real world examples made the subject very interesting
ME101,PROF020,6,lectures were fine nothing extraordinary but covered the syllabus
ME101,PROF020,6,assignments were well structured and helped reinforce learning
ME101,PROF020,6,assignments were well structured and helped reinforce learning
ME101,PROF020,6,one of the best courses i have taken highly interactive sessions
ME101,PROF020,6,very well organized course with clear learning outcomes
ME101,PROF020,6,very disappointing course expected much more depth
ME101,PROF020,6,excellent teaching style made difficult topics easy to understand
ME102,PROF004,1,very well organized course with clear learning outcomes
ME102,PROF004,1,professor was okay explanations were sometimes unclear
ME102,PROF004,1,course organization was average slides were not always up to date
ME102,PROF004,1,professor is very approachable and always ready to help students
ME102,PROF004,1,the course was decent assignments could be more challenging
ME102,PROF004,1,professor was okay explanations were sometimes unclear
ME102,PROF004,1,the course was decent assignments could be more challenging
ME102,PROF025,2,professor was okay explanations were sometimes unclear
ME102,PROF025,2,lectures were fine nothing extraordinary but covered the syllabus
ME102,PROF025,2,assignments were too difficult and not related to what was taught
ME102,PROF025,2,professor was okay explanations were sometimes unclear
ME102,PROF025,2,the course content was relevant and up to date with industry trends
ME102,PROF006,3,excellent teaching style made difficult topics easy to understand
ME102,PROF006,3,some topics were skipped due to time constraints
ME102,PROF006,3,some topics were skipped due to time constraints
ME102,PROF006,3,professor is very approachable and always ready to help students
ME102,PROF006,3,lectures were fine nothing extraordinary but covered the syllabus
ME102,PROF006,3,professor is very approachable and always ready to help students
ME102,PROF006,3,course organization was average slides were not always up to date
ME102,PROF006,3,some topics were skipped due to time constraints
ME102,PROF006,4,excellent teaching style made difficult topics easy to understand
ME102,PROF006,4,assignments were well structured and helped reinforce learning
ME102,PROF006,4,assignments were well structured and helped reinforce learning
ME102,PROF006,4,course organization was average slides were not always up to date
ME102,PROF006,4,excellent teaching style made difficult topics easy to understand
ME102,PROF026,5,average course content was okay but could have been more detailed
ME102,PROF026,5,excellent teaching style made difficult topics easy to understand
ME102,PROF026,5,course organization was average slides were not always up to date
ME102,PROF026,5,the professor s real world examples made the subject very interesting
ME102,PROF026,5,course organization was average slides were not always up to date
ME102,PROF026,5,very well organized course with clear learning outcomes
ME102,PROF026,5,very disappointing course expected much more depth
ME102,PROF026,5,the course content was relevant and up to date with industry trends
ME102,PROF005,6,average course content was okay but could have been more detailed
ME102,PROF005,6,the content felt outdated and not relevant to current practices
ME102,PROF005,6,one of the best courses i have taken highly interactive sessions
ME102,PROF005,6,average course content was okay but could have been more detailed
ME102,PROF005,6,poor course structure topics were taught out of order
ME102,PROF005,6,assignments were too difficult and not related to what was taught
ME201,PROF014,1,some topics were skipped due to time constraints
ME201,PROF014,1,very boring lectures professor reads directly from slides
ME201,PROF014,1,lectures were fine nothing extraordinary but covered the syllabus
ME201,PROF022,2,assignments were well structured and helped reinforce learning
ME201,PROF022,2,the course was decent assignments could be more challenging
ME201,PROF022,2,the course content was relevant and up to date with industry trends
ME201,PROF022,2,assignments were too difficult and not related to what was taught
ME201,PROF022,2,very engaging lectures the professor explains concepts clearly
ME201,PROF007,3,the course content was relevant and up to date with industry trends
ME201,PROF007,3,professor is very approachable and always ready to help students
ME201,PROF007,3,very engaging lectures the professor explains concepts clearly
ME201,PROF007,3,excellent teaching style made difficult topics easy to understand
ME201,PROF007,3,poor course structure topics were taught out of order
ME201,PROF007,3,average course content was okay but could have been more detailed
ME201,PROF007,3,course organization was average slides were not always up to date
ME201,PROF007,3,professor is very approachable and always ready to help students
ME201,PROF021,4,some topics were skipped due to time constraints
ME201,PROF021,4,very well organized course with clear learning outcomes
ME201,PROF021,4,professor is very approachable and always ready to help students
ME201,PROF021,4,course organization was average slides were not always up to date
ME201,PROF021,4,some topics were skipped due to time constraints
ME201,PROF021,4,the course was decent assignments could be more challenging
ME201,PROF021,4,very engaging lectures the professor explains concepts clearly
ME201,PROF021,4,very well organized course with clear learning outcomes
ME201,PROF027,5,professor was okay explanations were sometimes unclear
ME201,PROF027,5,very disappointing course expected much more depth
ME201,PROF027,5,the professor was often unavailable outside of class hours
ME201,PROF027,5,the content felt outdated and not relevant to current practices
ME201,PROF027,5,very boring lectures professor reads directly from slides
ME201,PROF027,5,very boring lectures professor reads directly from slides
ME201,PROF009,6,the course was decent assignments could be more challenging
ME201,PROF009,6,professor is very approachable and always ready to help students
ME201,PROF009,6,the content felt outdated and not relevant to current practices
ME201,PROF009,6,professor was okay explanations were sometimes unclear
ME201,PROF009,6,professor is very approachable and always ready to help students
ME201,PROF009,6,some topics were skipped due to time constraints
ME201,PROF009,6,some topics were skipped due to time constraints
ME201,PROF009,6,some topics were skipped due to time constraints
ME202,PROF030,1,the professor was often unavailable outside of class hours
ME202,PROF030,1,the content felt outdated and not relevant to current practices
ME202,PROF030,1,the content felt outdated and not relevant to current practices
ME202,PROF030,1,professor is very approachable and always ready to help students
ME202,PROF030,1,professor is very approachable and always ready to help students
ME202,PROF030,1,the course was decent assignments could be more challenging
ME202,PROF030,1,the professor s real world examples made the subject very interesting
ME202,PROF030,1,assignments were too difficult and not related to what was taught
ME202,PROF030,2,very boring lectures professor reads directly from slides
ME202,PROF030,2,lectures were fine nothing extraordinary but covered the syllabus
ME202,PROF030,2,assignments were too difficult and not related to what was taught
ME202,PROF030,2,some topics were skipped due to time constraints
ME202,PROF030,2,course organization was average slides were not always up to date
ME202,PROF030,2,average course content was okay but could have been more detailed
ME202,PROF030,2,professor was okay explanations were sometimes unclear
ME202,PROF030,2,average course content was okay but could have been more detailed
ME202,PROF003,3,the professor was often unavailable outside of class hours
ME202,PROF003,3,the content felt outdated and not relevant to current practices
ME202,PROF003,3,the professor was often unavailable outside of class hours
ME202,PROF003,3,assignments were well structured and helped reinforce learning
ME202,PROF003,3,lectures were fine nothing extraordinary but covered the syllabus
ME202,PROF003,3,the course content was relevant and up to date with industry trends
ME202,PROF013,4,the professor was often unavailable outside of class hours
ME202,PROF013,4,the professor s real world examples made the subject very interesting
ME202,PROF013,4,very disappointing course expected much more depth
ME202,PROF013,5,average course content was okay but could have been more detailed
ME202,PROF013,5,lectures were fine nothing extraordinary but covered the syllabus
ME202,PROF013,5,the course was decent assignments could be more challenging
ME202,PROF013,5,very engaging lectures the professor explains concepts clearly
ME202,PROF011,6,course organization was average slides were not always up to date
ME202,PROF011,6,some topics were skipped due to time constraints
ME202,PROF011,6,the professor was often unavailable outside of class hours
ME202,PROF011,6,professor was okay explanations were sometimes unclear
ME202,PROF011,6,course organization was average slides were not always up to date
ME202,PROF011,6,the content felt outdated and not relevant to current practices
ME202,PROF011,6,excellent teaching style made difficult topics easy to understand
ME202,PROF011,6,very boring lectures professor reads directly from slides
ME301,PROF009,1,the course was decent assignments could be more challenging
ME301,PROF009,1,professor is very approachable and always ready to help students
ME301,PROF009,1,assignments were well structured and helped reinforce learning
ME301,PROF009,1,one of the best courses i have taken highly interactive sessions
ME301,PROF009,1,assignments were well structured and helped reinforce learning
ME301,PROF009,1,very well organized course with clear learning outcomes
ME301,PROF009,1,course organization was average slides were not always up to date
ME301,PROF009,1,the content felt outdated and not relevant to current practices
ME301,PROF015,2,one of the best courses i have taken highly interactive sessions
ME301,PROF015,2,excellent teaching style made difficult topics easy to understand
ME301,PROF015,2,professor is very approachable and always ready to help students
ME301,PROF015,2,lectures were fine nothing extraordinary but covered the syllabus
ME301,PROF015,2,excellent teaching style made difficult topics easy to understand
ME301,PROF015,2,excellent teaching style made difficult topics easy to understand
ME301,PROF028,3,the course was decent assignments could be more challenging
ME301,PROF028,3,professor is very approachable and always ready to help students
ME301,PROF028,3,the content felt outdated and not relevant to current practices
ME301,PROF028,3,the professor s real world examples made the subject very interesting
ME301,PROF028,3,very engaging lectures the professor explains concepts clearly
ME301,PROF026,4,very disappointing course expected much more depth
ME301,PROF026,4,excellent teaching style made difficult topics easy to understand
ME301,PROF026,4,professor was okay explanations were sometimes unclear
ME301,PROF020,5,professor is very approachable and always ready to help students
ME301,PROF020,5,very engaging lectures the professor explains concepts clearly
ME301,PROF020,5,excellent teaching style made difficult topics easy to understand
ME301,PROF020,5,very well organized course with clear learning outcomes
ME301,PROF017,6,professor was okay explanations were sometimes unclear
ME301,PROF017,6,the course was decent assignments could be more challenging
ME301,PROF017,6,course organization was average slides were not always up to date
ME302,PROF014,1,the professor was often unavailable outside of class hours
ME302,PROF014,1,very engaging lectures the professor explains concepts clearly
ME302,PROF014,1,course organization was average slides were not always up to date
ME302,PROF014,1,the course was decent assignments could be more challenging
ME302,PROF014,1,the professor s real world examples made the subject very interesting
ME302,PROF014,1,professor was okay explanations were sometimes unclear
ME302,PROF014,1,average course content was okay but could have been more detailed
ME302,PROF014,1,the course content was relevant and up to date with industry trends
ME302,PROF014,2,lectures were fine nothing extraordinary but covered the syllabus
ME302,PROF014,2,the course was decent assignments could be more challenging
ME302,PROF014,2,the content felt outdated and not relevant to current practices
ME302,PROF014,2,average course content was okay but could have been more detailed
ME302,PROF014,2,very boring lectures professor reads directly from slides
ME302,PROF014,2,assignments were too difficult and not related to what was taught
ME302,PROF014,2,course organization was average slides were not always up to date
ME302,PROF014,2,the content felt outdated and not relevant to current practices
ME302,PROF005,3,very disappointing course expected much more depth
ME302,PROF005,3,average course content was okay but could have been more detailed
ME302,PROF005,3,professor is very approachable and always ready to help students
ME302,PROF019,4,some topics were skipped due to time constraints
ME302,PROF019,4,assignments were too difficult and not related to what was taught
ME302,PROF019,4,very disappointing course expected much more depth
ME302,PROF019,4,poor course structure topics were taught out of order
ME302,PROF019,4,very boring lectures professor reads directly from slides
ME302,PROF019,4,assignments were too difficult and not related to what was taught
ME302,PROF019,4,the content felt outdated and not relevant to current practices
ME302,PROF019,4,very well organized course with clear learning outcomes
ME302,PROF025,5,one of the best courses i have taken highly interactive sessions
ME302,PROF025,5,some topics were skipped due to time constraints
ME302,PROF025,5,some topics were skipped due to time constraints
ME302,PROF025,5,assignments were well structured and helped reinforce learning
ME302,PROF025,5,very engaging lectures the professor explains concepts clearly
ME302,PROF025,5,professor was okay explanations were sometimes unclear
ME302,PROF025,5,some topics were skipped due to time constraints
ME302,PROF025,5,excellent teaching style made difficult topics easy to understand
ME302,PROF004,6,one of the best courses i have taken highly interactive sessions
ME302,PROF004,6,one of the best courses i have taken highly interactive sessions
ME302,PROF004,6,very engaging lectures the professor explains concepts clearly
CE101,PROF004,1,the course content was relevant and up to date with industry trends
CE101,PROF004,1,course organization was average slides were not always up to date
CE101,PROF004,1,average course content was okay but could have been more detailed
CE101,PROF004,1,course organization was average slides were not always up to date
CE101,PROF025,2,the course was decent assignments could be more challenging
CE101,PROF025,2,poor course structure topics were taught out of order
CE101,PROF025,2,very well organized course with clear learning outcomes
CE101,PROF025,2,the professor s real world examples made the subject very interesting
CE101,PROF026,3,poor course structure topics were taught out of order
CE101,PROF026,3,very well organized course with clear learning outcomes
CE101,PROF026,3,the professor was often unavailable outside of class hours
CE101,PROF026,3,very boring lectures professor reads directly from slides
CE101,PROF026,3,professor was okay explanations were sometimes unclear
CE101,PROF026,3,very disappointing course expected much more depth
CE101,PROF026,3,one of the best courses i have taken highly interactive sessions
CE101,PROF026,3,course organization was average slides were not always up to date
CE101,PROF028,4,some topics were skipped due to time constraints
CE101,PROF028,4,some topics were skipped due to time constraints
CE101,PROF028,4,the content felt outdated and not relevant to current practices
CE101,PROF029,5,very engaging lectures the professor explains concepts clearly
CE101,PROF029,5,very disappointing course expected much more depth
CE101,PROF029,5,very boring lectures professor reads directly from slides
CE101,PROF029,6,course organization was average slides were not always up to date
CE101,PROF029,6,one of the best courses i have taken highly interactive sessions
CE101,PROF029,6,the course was decent assignments could be more challenging
CE101,PROF029,6,very disappointing course expected much more depth
CE101,PROF029,6,the course content was relevant and up to date with industry trends
CE102,PROF009,1,very boring lectures professor reads directly from slides
CE102,PROF009,1,the course was decent assignments could be more challenging
CE102,PROF009,1,professor was okay explanations were sometimes unclear
CE102,PROF009,1,professor was okay explanations were sometimes unclear
CE102,PROF009,1,very well organized course with clear learning outcomes
CE102,PROF009,1,some topics were skipped due to time constraints
CE102,PROF009,1,very boring lectures professor reads directly from slides
CE102,PROF021,2,lectures were fine nothing extraordinary but covered the syllabus
CE102,PROF021,2,the content felt outdated and not relevant to current practices
CE102,PROF021,2,lectures were fine nothing extraordinary but covered the syllabus
CE102,PROF021,2,assignments were well structured and helped reinforce learning
CE102,PROF021,2,some topics were skipped due to time constraints
CE102,PROF021,2,poor course structure topics were taught out of order
CE102,PROF019,3,the course was decent assignments could be more challenging
CE102,PROF019,3,very disappointing course expected much more depth
CE102,PROF019,3,assignments were too difficult and not related to what was taught
CE102,PROF019,3,the course was decent assignments could be more challenging
CE102,PROF019,3,excellent teaching style made difficult topics easy to understand
CE102,PROF019,3,average course content was okay but could have been more detailed
CE102,PROF019,3,course organization was average slides were not always up to date
CE102,PROF016,4,lectures were fine nothing extraordinary but covered the syllabus
CE102,PROF016,4,one of the best courses i have taken highly interactive sessions
CE102,PROF016,4,very engaging lectures the professor explains concepts clearly
CE102,PROF016,4,average course content was okay but could have been more detailed
CE102,PROF016,4,very well organized course with clear learning outcomes
CE102,PROF016,4,one of the best courses i have taken highly interactive sessions
CE102,PROF016,4,the course content was relevant and up to date with industry trends
CE102,PROF006,5,excellent teaching style made difficult topics easy to understand
CE102,PROF006,5,professor is very approachable and always ready to help students
CE102,PROF006,5,professor was okay explanations were sometimes unclear
CE102,PROF006,5,assignments were well structured and helped reinforce learning
CE102,PROF013,6,assignments were well structured and helped reinforce learning
CE102,PROF013,6,professor is very approachable and always ready to help students
CE102,PROF013,6,the course content was relevant and up to date with industry trends
CE102,PROF013,6,professor is very approachable and always ready to help students
CE201,PROF020,1,assignments were too difficult and not related to what was taught
CE201,PROF020,1,some topics were skipped due to time constraints
CE201,PROF020,1,course organization was average slides were not always up to date
CE201,PROF022,2,the professor s real world examples made the subject very interesting
CE201,PROF022,2,one of the best courses i have taken highly interactive sessions
CE201,PROF022,2,the course content was relevant and up to date with industry trends
CE201,PROF013,3,average course content was okay but could have been more detailed
CE201,PROF013,3,the course was decent assignments could be more challenging
CE201,PROF013,3,average course content was okay but could have been more detailed
CE201,PROF013,3,professor is very approachable and always ready to help students
CE201,PROF013,3,the professor s real world examples made the subject very interesting
CE201,PROF013,3,the professor was often unavailable outside of class hours
CE201,PROF013,3,the course was decent assignments could be more challenging
CE201,PROF013,3,lectures were fine nothing extraordinary but covered the syllabus
CE201,PROF013,4,professor is very approachable and always ready to help students
CE201,PROF013,4,one of the best courses i have taken highly interactive sessions
CE201,PROF013,4,the course was decent assignments could be more challenging
CE201,PROF013,4,course organization was average slides were not always up to date
CE201,PROF013,4,average course content was okay but could have been more detailed
CE201,PROF013,4,professor is very approachable and always ready to help students
CE201,PROF013,4,the course was decent assignments could be more challenging
CE201,PROF013,4,the professor s real world examples made the subject very interesting
CE201,PROF029,5,excellent teaching style made difficult topics easy to understand
CE201,PROF029,5,course organization was average slides were not always up to date
CE201,PROF029,5,the course content was relevant and up to date with industry trends
CE201,PROF029,5,assignments were well structured and helped reinforce learning
CE201,PROF029,5,course organization was average slides were not always up to date
CE201,PROF029,5,course organization was average slides were not always up to date
CE201,PROF023,6,the professor was often unavailable outside of class hours
CE201,PROF023,6,poor course structure topics were taught out of order
CE201,PROF023,6,assignments were well structured and helped reinforce learning
CE201,PROF023,6,average course content was okay but could have been more detailed
CE201,PROF023,6,the professor was often unavailable outside of class hours
CE202,PROF002,1,professor is very approachable and always ready to help students
CE202,PROF002,1,some topics were skipped due to time constraints
CE202,PROF002,1,very well organized course with clear learning outcomes
CE202,PROF002,1,the course content was relevant and up to date with industry trends
CE202,PROF016,2,assignments were well structured and helped reinforce learning
CE202,PROF016,2,some topics were skipped due to time constraints
CE202,PROF016,2,very disappointing course expected much more depth
CE202,PROF016,2,the professor was often unavailable outside of class hours
CE202,PROF016,2,professor was okay explanations were sometimes unclear
CE202,PROF009,3,the professor s real world examples made the subject very interesting
CE202,PROF009,3,the professor was often unavailable outside of class hours
CE202,PROF009,3,the course content was relevant and up to date with industry trends
CE202,PROF009,3,the professor s real world examples made the subject very interesting
CE202,PROF009,3,one of the best courses i have taken highly interactive sessions
CE202,PROF009,3,assignments were well structured and helped reinforce learning
CE202,PROF012,4,the content felt outdated and not relevant to current practices
CE202,PROF012,4,very boring lectures professor reads directly from slides
CE202,PROF012,4,the professor was often unavailable outside of class hours
CE202,PROF012,4,lectures were fine nothing extraordinary but covered the syllabus
CE202,PROF012,4,course organization was average slides were not always up to date
CE202,PROF012,4,assignments were too difficult and not related to what was taught
CE202,PROF012,4,the professor was often unavailable outside of class hours
CE202,PROF012,4,very disappointing course expected much more depth
CE202,PROF011,5,average course content was okay but could have been more detailed
CE202,PROF011,5,very disappointing course expected much more depth
CE202,PROF011,5,very boring lectures professor reads directly from slides
CE202,PROF011,5,very engaging lectures the professor explains concepts clearly
CE202,PROF011,5,very engaging lectures the professor explains concepts clearly
CE202,PROF011,5,course organization was average slides were not always up to date
CE202,PROF011,5,the content felt outdated and not relevant to current practices
CE202,PROF011,5,poor course structure topics were taught out of order
CE202,PROF026,6,assignments were too difficult and not related to what was taught
CE202,PROF026,6,average course content was okay but could have been more detailed
CE202,PROF026,6,course organization was average slides were not always up to date
CE202,PROF026,6,the course content was relevant and up to date with industry trends
CE202,PROF026,6,the professor s real world examples made the subject very interesting
CE202,PROF026,6,some topics were skipped due to time constraints
CE202,PROF026,6,lectures were fine nothing extraordinary but covered the syllabus
CE301,PROF010,1,very well organized course with clear learning outcomes
CE301,PROF010,1,lectures were fine nothing extraordinary but covered the syllabus
CE301,PROF010,1,the course content was relevant and up to date with industry trends
CE301,PROF010,1,assignments were well structured and helped reinforce learning
CE301,PROF010,1,the professor s real world examples made the subject very interesting
CE301,PROF027,2,one of the best courses i have taken highly interactive sessions
CE301,PROF027,2,professor was okay explanations were sometimes unclear
CE301,PROF027,2,excellent teaching style made difficult topics easy to understand
CE301,PROF027,2,the content felt outdated and not relevant to current practices
CE301,PROF027,2,very engaging lectures the professor explains concepts clearly
CE301,PROF027,2,professor is very approachable and always ready to help students
CE301,PROF027,2,assignments were well structured and helped reinforce learning
CE301,PROF028,3,assignments were well structured and helped reinforce learning
CE301,PROF028,3,professor was okay explanations were sometimes unclear
CE301,PROF028,3,assignments were well structured and helped reinforce learning
CE301,PROF028,3,lectures were fine nothing extraordinary but covered the syllabus
CE301,PROF028,3,assignments were well structured and helped reinforce learning
CE301,PROF028,3,some topics were skipped due to time constraints
CE301,PROF028,3,the professor s real world examples made the subject very interesting
CE301,PROF022,4,average course content was okay but could have been more detailed
CE301,PROF022,4,professor is very approachable and always ready to help students
CE301,PROF022,4,the professor s real world examples made the subject very interesting
CE301,PROF022,4,professor is very approachable and always ready to help students
CE301,PROF022,4,very boring lectures professor reads directly from slides
CE301,PROF028,5,excellent teaching style made difficult topics easy to understand
CE301,PROF028,5,professor is very approachable and always ready to help students
CE301,PROF028,5,average course content was okay but could have been more detailed
CE301,PROF028,5,professor is very approachable and always ready to help students
CE301,PROF028,5,excellent teaching style made difficult topics easy to understand
CE301,PROF005,6,the professor s real world examples made the subject very interesting
CE301,PROF005,6,the professor s real world examples made the subject very interesting
CE301,PROF005,6,very boring lectures professor reads directly from slides
CE301,PROF005,6,average course content was okay but could have been more detailed
CE301,PROF005,6,excellent teaching style made difficult topics easy to understand
CE301,PROF005,6,very boring lectures professor reads directly from slides
CE302,PROF024,1,course organization was average slides were not always up to date
CE302,PROF024,1,the course content was relevant and up to date with industry trends
CE302,PROF024,1,the course content was relevant and up to date with industry trends
CE302,PROF024,1,course organization was average slides were not always up to date
CE302,PROF024,1,assignments were well structured and helped reinforce learning
CE302,PROF024,1,poor course structure topics were taught out of order
CE302,PROF024,1,some topics were skipped due to time constraints
CE302,PROF024,1,very well organized course with clear learning outcomes
CE302,PROF025,2,one of the best courses i have taken highly interactive sessions
CE302,PROF025,2,course organization was average slides were not always up to date
CE302,PROF025,2,the professor was often unavailable outside of class hours
CE302,PROF025,2,professor was okay explanations were sometimes unclear
CE302,PROF025,2,professor is very approachable and always ready to help students
CE302,PROF011,3,poor course structure topics were taught out of order
CE302,PROF011,3,the professor was often unavailable outside of class hours
CE302,PROF011,3,the professor was often unavailable outside of class hours
CE302,PROF011,3,professor was okay explanations were sometimes unclear
CE302,PROF011,3,professor was okay explanations were sometimes unclear
CE302,PROF011,3,the content felt outdated and not relevant to current practices
CE302,PROF011,3,average course content was okay but could have been more detailed
CE302,PROF024,4,assignments were well structured and helped reinforce learning
CE302,PROF024,4,professor was okay explanations were sometimes unclear
CE302,PROF024,4,assignments were well structured and helped reinforce learning
CE302,PROF024,4,lectures were fine nothing extraordinary but covered the syllabus
CE302,PROF024,4,average course content was okay but could have been more detailed
CE302,PROF024,4,the content felt outdated and not relevant to current practices
CE302,PROF024,4,some topics were skipped due to time constraints
CE302,PROF020,5,professor is very approachable and always ready to help students
CE302,PROF020,5,lectures were fine nothing extraordinary but covered the syllabus
CE302,PROF020,5,assignments were too difficult and not related to what was taught
CE302,PROF020,5,assignments were too difficult and not related to what was taught
CE302,PROF020,5,the course was decent assignments could be more challenging
CE302,PROF003,6,some topics were skipped due to time constraints
CE302,PROF003,6,very boring lectures professor reads directly from slides
CE302,PROF003,6,some topics were skipped due to time constraints
CE302,PROF003,6,assignments were too difficult and not related to what was taught
CE302,PROF003,6,poor course structure topics were taught out of order
CE302,PROF003,6,excellent teaching style made difficult topics easy to understand
CE302,PROF003,6,some topics were skipped due to time constraints
EEE101,PROF015,1,the professor s real world examples made the subject very interesting
EEE101,PROF015,1,some topics were skipped due to time constraints
EEE101,PROF015,1,poor course structure topics were taught out of order
EEE101,PROF030,2,lectures were fine nothing extraordinary but covered the syllabus
EEE101,PROF030,2,the content felt outdated and not relevant to current practices
EEE101,PROF030,2,assignments were well structured and helped reinforce learning
EEE101,PROF030,2,very disappointing course expected much more depth
EEE101,PROF030,2,very well organized course with clear learning outcomes
EEE101,PROF030,2,very boring lectures professor reads directly from slides
EEE101,PROF014,3,very boring lectures professor reads directly from slides
EEE101,PROF014,3,assignments were too difficult and not related to what was taught
EEE101,PROF014,3,the content felt outdated and not relevant to current practices
EEE101,PROF014,3,the content felt outdated and not relevant to current practices
EEE101,PROF016,4,assignments were too difficult and not related to what was taught
EEE101,PROF016,4,some topics were skipped due to time constraints
EEE101,PROF016,4,the content felt outdated and not relevant to current practices
EEE101,PROF016,4,average course content was okay but could have been more detailed
EEE101,PROF017,5,lectures were fine nothing extraordinary but covered the syllabus
EEE101,PROF017,5,very boring lectures professor reads directly from slides
EEE101,PROF017,5,lectures were fine nothing extraordinary but covered the syllabus
EEE101,PROF017,5,the professor was often unavailable outside of class hours
EEE101,PROF017,5,assignments were too difficult and not related to what was taught
EEE101,PROF017,5,the content felt outdated and not relevant to current practices
EEE101,PROF017,5,very well organized course with clear learning outcomes
EEE101,PROF012,6,course organization was average slides were not always up to date
EEE101,PROF012,6,very disappointing course expected much more depth
EEE101,PROF012,6,very boring lectures professor reads directly from slides
EEE101,PROF012,6,some topics were skipped due to time constraints
EEE101,PROF012,6,very disappointing course expected much more depth
EEE101,PROF012,6,very disappointing course expected much more depth
EEE101,PROF012,6,the professor was often unavailable outside of class hours
EEE102,PROF002,1,lectures were fine nothing extraordinary but covered the syllabus
EEE102,PROF002,1,poor course structure topics were taught out of order
EEE102,PROF002,1,course organization was average slides were not always up to date
EEE102,PROF026,2,poor course structure topics were taught out of order
EEE102,PROF026,2,lectures were fine nothing extraordinary but covered the syllabus
EEE102,PROF026,2,lectures were fine nothing extraordinary but covered the syllabus
EEE102,PROF026,2,very well organized course with clear learning outcomes
EEE102,PROF026,2,course organization was average slides were not always up to date
EEE102,PROF026,2,assignments were too difficult and not related to what was taught
EEE102,PROF003,3,lectures were fine nothing extraordinary but covered the syllabus
EEE102,PROF003,3,the course content was relevant and up to date with industry trends
EEE102,PROF003,3,assignments were too difficult and not related to what was taught
EEE102,PROF003,3,excellent teaching style made difficult topics easy to understand
EEE102,PROF003,3,the professor s real world examples made the subject very interesting
EEE102,PROF003,3,the content felt outdated and not relevant to current practices
EEE102,PROF003,3,the content felt outdated and not relevant to current practices
EEE102,PROF023,4,assignments were too difficult and not related to what was taught
EEE102,PROF023,4,poor course structure topics were taught out of order
EEE102,PROF023,4,professor was okay explanations were sometimes unclear
EEE102,PROF013,5,one of the best courses i have taken highly interactive sessions
EEE102,PROF013,5,average course content was okay but could have been more detailed
EEE102,PROF013,5,assignments were too difficult and not related to what was taught
EEE102,PROF013,5,course organization was average slides were not always up to date
EEE102,PROF025,6,very disappointing course expected much more depth
EEE102,PROF025,6,professor was okay explanations were sometimes unclear
EEE102,PROF025,6,assignments were too difficult and not related to what was taught
EEE102,PROF025,6,the content felt outdated and not relevant to current practices
EEE102,PROF025,6,very boring lectures professor reads directly from slides
EEE102,PROF025,6,lectures were fine nothing extraordinary but covered the syllabus
EEE102,PROF025,6,professor was okay explanations were sometimes unclear
EEE201,PROF017,1,course organization was average slides were not always up to date
EEE201,PROF017,1,very boring lectures professor reads directly from slides
EEE201,PROF017,1,course organization was average slides were not always up to date
EEE201,PROF017,1,one of the best courses i have taken highly interactive sessions
EEE201,PROF017,1,very boring lectures professor reads directly from slides
EEE201,PROF017,1,the professor s real world examples made the subject very interesting
EEE201,PROF017,1,very disappointing course expected much more depth
EEE201,PROF019,2,course organization was average slides were not always up to date
EEE201,PROF019,2,the content felt outdated and not relevant to current practices
EEE201,PROF019,2,average course content was okay but could have been more detailed
EEE201,PROF019,2,very disappointing course expected much more depth
EEE201,PROF006,3,poor course structure topics were taught out of order
EEE201,PROF006,3,very well organized course with clear learning outcomes
EEE201,PROF006,3,excellent teaching style made difficult topics easy to understand
EEE201,PROF006,3,very engaging lectures the professor explains concepts clearly
EEE201,PROF006,3,very well organized course with clear learning outcomes
EEE201,PROF006,3,lectures were fine nothing extraordinary but covered the syllabus
EEE201,PROF006,3,the professor s real world examples made the subject very interesting
EEE201,PROF006,3,very well organized course with clear learning outcomes
EEE201,PROF029,4,one of the best courses i have taken highly interactive sessions
EEE201,PROF029,4,poor course structure topics were taught out of order
EEE201,PROF029,4,assignments were too difficult and not related to what was taught
EEE201,PROF029,4,the course content was relevant and up to date with industry trends
EEE201,PROF029,4,professor was okay explanations were sometimes unclear
EEE201,PROF007,5,one of the best courses i have taken highly interactive sessions
EEE201,PROF007,5,the course content was relevant and up to date with industry trends
EEE201,PROF007,5,very well organized course with clear learning outcomes
EEE201,PROF007,5,the course content was relevant and up to date with industry trends
EEE201,PROF002,6,very boring lectures professor reads directly from slides
EEE201,PROF002,6,some topics were skipped due to time constraints
EEE201,PROF002,6,very disappointing course expected much more depth
EEE201,PROF002,6,very boring lectures professor reads directly from slides
EEE202,PROF002,1,one of the best courses i have taken highly interactive sessions
EEE202,PROF002,1,the content felt outdated and not relevant to current practices
EEE202,PROF002,1,very boring lectures professor reads directly from slides
EEE202,PROF002,1,professor was okay explanations were sometimes unclear
EEE202,PROF002,1,professor is very approachable and always ready to help students
EEE202,PROF002,1,very disappointing course expected much more depth
EEE202,PROF002,1,the professor was often unavailable outside of class hours
EEE202,PROF002,2,the course was decent assignments could be more challenging
EEE202,PROF002,2,average course content was okay but could have been more detailed
EEE202,PROF002,2,lectures were fine nothing extraordinary but covered the syllabus
EEE202,PROF002,2,poor course structure topics were taught out of order
EEE202,PROF002,2,some topics were skipped due to time constraints
EEE202,PROF002,2,course organization was average slides were not always up to date
EEE202,PROF012,3,the professor was often unavailable outside of class hours
EEE202,PROF012,3,the content felt outdated and not relevant to current practices
EEE202,PROF012,3,professor was okay explanations were sometimes unclear
EEE202,PROF012,3,the content felt outdated and not relevant to current practices
EEE202,PROF012,3,the professor was often unavailable outside of class hours
EEE202,PROF007,4,the course content was relevant and up to date with industry trends
EEE202,PROF007,4,very well organized course with clear learning outcomes
EEE202,PROF007,4,lectures were fine nothing extraordinary but covered the syllabus
EEE202,PROF007,4,very well organized course with clear learning outcomes
EEE202,PROF007,4,course organization was average slides were not always up to date
EEE202,PROF007,4,the content felt outdated and not relevant to current practices
EEE202,PROF007,4,the professor s real world examples made the subject very interesting
EEE202,PROF012,5,the course was decent assignments could be more challenging
EEE202,PROF012,5,the content felt outdated and not relevant to current practices
EEE202,PROF012,5,the content felt outdated and not relevant to current practices
EEE202,PROF012,5,poor course structure topics were taught out of order
EEE202,PROF015,6,the course was decent assignments could be more challenging
EEE202,PROF015,6,excellent teaching style made difficult topics easy to understand
EEE202,PROF015,6,very well organized course with clear learning outcomes
EEE202,PROF015,6,assignments were well structured and helped reinforce learning
EEE202,PROF015,6,one of the best courses i have taken highly interactive sessions
EEE301,PROF013,1,professor is very approachable and always ready to help students
EEE301,PROF013,1,the professor s real world examples made the subject very interesting
EEE301,PROF013,1,some topics were skipped due to time constraints
EEE301,PROF013,1,lectures were fine nothing extraordinary but covered the syllabus
EEE301,PROF013,1,average course content was okay but could have been more detailed
EEE301,PROF013,1,lectures were fine nothing extraordinary but covered the syllabus
EEE301,PROF013,1,the content felt outdated and not relevant to current practices
EEE301,PROF013,1,professor was okay explanations were sometimes unclear
EEE301,PROF030,2,very engaging lectures the professor explains concepts clearly
EEE301,PROF030,2,assignments were well structured and helped reinforce learning
EEE301,PROF030,2,very well organized course with clear learning outcomes
EEE301,PROF030,2,very disappointing course expected much more depth
EEE301,PROF030,2,very engaging lectures the professor explains concepts clearly
EEE301,PROF022,3,lectures were fine nothing extraordinary but covered the syllabus
EEE301,PROF022,3,professor was okay explanations were sometimes unclear
EEE301,PROF022,3,course organization was average slides were not always up to date
EEE301,PROF008,4,very boring lectures professor reads directly from slides
EEE301,PROF008,4,average course content was okay but could have been more detailed
EEE301,PROF008,4,the course content was relevant and up to date with industry trends
EEE301,PROF008,4,professor is very approachable and always ready to help students
EEE301,PROF008,4,the course was decent assignments could be more challenging
EEE301,PROF008,4,very boring lectures professor reads directly from slides
EEE301,PROF016,5,average course content was okay but could have been more detailed
EEE301,PROF016,5,very disappointing course expected much more depth
EEE301,PROF016,5,professor was okay explanations were sometimes unclear
EEE301,PROF016,5,very well organized course with clear learning outcomes
EEE301,PROF016,5,the course content was relevant and up to date with industry trends
EEE301,PROF016,5,very engaging lectures the professor explains concepts clearly
EEE301,PROF016,5,lectures were fine nothing extraordinary but covered the syllabus
EEE301,PROF015,6,professor was okay explanations were sometimes unclear
EEE301,PROF015,6,professor was okay explanations were sometimes unclear
EEE301,PROF015,6,very boring lectures professor reads directly from slides
EEE301,PROF015,6,assignments were too difficult and not related to what was taught
EEE301,PROF015,6,some topics were skipped due to time constraints
EEE301,PROF015,6,the content felt outdated and not relevant to current practices
EEE301,PROF015,6,the professor was often unavailable outside of class hours
EEE301,PROF015,6,assignments were too difficult and not related to what was taught
EEE302,PROF028,1,course organization was average slides were not always up to date
EEE302,PROF028,1,professor is very approachable and always ready to help students
EEE302,PROF028,1,course organization was average slides were not always up to date
EEE302,PROF019,2,very disappointing course expected much more depth
EEE302,PROF019,2,very boring lectures professor reads directly from slides
EEE302,PROF019,2,the professor was often unavailable outside of class hours
EEE302,PROF019,2,assignments were too difficult and not related to what was taught
EEE302,PROF012,3,very engaging lectures the professor explains concepts clearly
EEE302,PROF012,3,assignments were well structured and helped reinforce learning
EEE302,PROF012,3,one of the best courses i have taken highly interactive sessions
EEE302,PROF012,3,the course content was relevant and up to date with industry trends
EEE302,PROF012,3,very well organized course with clear learning outcomes
EEE302,PROF012,3,the professor was often unavailable outside of class hours
EEE302,PROF012,3,very well organized course with clear learning outcomes
EEE302,PROF012,3,very well organized course with clear learning outcomes
EEE302,PROF006,4,professor is very approachable and always ready to help students
EEE302,PROF006,4,course organization was average slides were not always up to date
EEE302,PROF006,4,average course content was okay but could have been more detailed
EEE302,PROF006,4,one of the best courses i have taken highly interactive sessions
EEE302,PROF006,4,average course content was okay but could have been more detailed
EEE302,PROF006,4,the course content was relevant and up to date with industry trends
EEE302,PROF006,4,excellent teaching style made difficult topics easy to understand
EEE302,PROF029,5,the professor was often unavailable outside of class hours
EEE302,PROF029,5,assignments were too difficult and not related to what was taught
EEE302,PROF029,5,the content felt outdated and not relevant to current practices
EEE302,PROF029,5,assignments were too difficult and not related to what was taught
EEE302,PROF029,5,the professor s real world examples made the subject very interesting
EEE302,PROF024,6,the content felt outdated and not relevant to current practices
EEE302,PROF024,6,average course content was okay but could have been more detailed
EEE302,PROF024,6,the course was decent assignments could be more challenging
EEE302,PROF024,6,lectures were fine nothing extraordinary but covered the syllabus
EEE302,PROF024,6,poor course structure topics were taught out of order
EEE302,PROF024,6,course organization was average slides were not always up to date
