student_id,course_id,grade,semester
STU0001,CSE101,A,1
STU0001,CSE102,F,2
STU0001,CSE201,B,3
STU0001,CSE202,B+,4
STU0001,CSE301,A+,5
STU0001,CSE302,A+,6
STU0002,ECE101,O,1
STU0002,ECE102,C,2
STU0002,ECE201,B+,3
STU0002,ECE202,B,4
STU0002,ECE301,O,5
STU0002,ECE302,F,6
STU0003,EEE101,B,1
STU0003,EEE102,A+,2
STU0003,EEE201,A+,3
STU0003,EEE202,A+,4
STU0003,EEE301,A,5
STU0003,EEE302,B+,6
STU0004,CSE101,A,1
STU0004,CSE102,A,2
STU0004,CSE201,B+,3
STU0004,CSE202,A+,4
STU0004,CSE301,A,5
STU0004,CSE302,A,6
STU0005,ECE101,A,1
STU0005,ECE102,B,2
STU0005,ECE201,A+,3
STU0005,ECE202,B+,4
STU0005,ECE301,B+,5
STU0005,ECE302,O,6
STU0006,EEE101,B+,1
STU0006,EEE102,A+,2
STU0006,EEE201,O,3
STU0006,EEE202,C,4
STU0006,EEE301,F,5
STU0006,EEE302,B,6
STU0007,ECE101,A,1
STU0007,ECE102,O,2
STU0007,ECE201,B+,3
STU0007,ECE202,A,4
STU0007,ECE301,A+,5
STU0007,ECE302,A,6
STU0008,CSE101,O,1
STU0008,CSE102,C,2
STU0008,CSE201,A,3
STU0008,CSE202,B+,4
STU0008,CSE301,A,5
STU0008,CSE302,B+,6
STU0009,CE101,B+,1
STU0009,CE102,A+,2
STU0009,CE201,F,3
STU0009,CE202,B,4
STU0009,CE301,C,5
STU0009,CE302,C,6
STU0010,ECE101,B+,1
STU0010,ECE102,C,2
STU0010,ECE201,O,3
STU0010,ECE202,A+,4
STU0010,ECE301,O,5
STU0010,ECE302,A,6
STU0011,CSE101,A,1
STU0011,CSE102,A,2
STU0011,CSE201,B,3
STU0011,CSE202,A,4
STU0011,CSE301,A,5
STU0011,CSE302,B+,6
STU0012,ME101,A+,1
STU0012,ME102,B,2
STU0012,ME201,O,3
STU0012,ME202,F,4
STU0012,ME301,B,5
STU0012,ME302,A+,6
STU0013,CSE101,O,1
STU0013,CSE102,B,2
STU0013,CSE201,B,3
STU0013,CSE202,B,4
STU0013,CSE301,B,5
STU0013,CSE302,O,6
STU0014,CE101,A,1
STU0014,CE102,A+,2
STU0014,CE201,C,3
STU0014,CE202,B+,4
STU0014,CE301,A,5
STU0014,CE302,O,6
STU0015,EEE101,A,1
STU0015,EEE102,A,2
STU0015,EEE201,B,3
STU0015,EEE202,B+,4
STU0015,EEE301,C,5
STU0015,EEE302,A,6
STU0016,EEE101,A+,1
STU0016,EEE102,B,2
STU0016,EEE201,B,3
STU0016,EEE202,B+,4
STU0016,EEE301,B,5
STU0016,EEE302,A,6
STU0017,CSE101,B+,1
STU0017,CSE102,A,2
STU0017,CSE201,O,3
STU0017,CSE202,A+,4
STU0017,CSE301,O,5
STU0017,CSE302,B+,6
STU0018,CSE101,A,1
STU0018,CSE102,B+,2
STU0018,CSE201,C,3
STU0018,CSE202,A+,4
STU0018,CSE301,A,5
STU0018,CSE302,B,6
STU0019,CE101,A+,1
STU0019,CE102,O,2
STU0019,CE201,A,3
STU0019,CE202,A+,4
STU0019,CE301,C,5
STU0019,CE302,B,6
STU0020,ECE101,B+,1
STU0020,ECE102,C,2
STU0020,ECE201,B,3
STU0020,ECE202,A+,4
STU0020,ECE301,C,5
STU0020,ECE302,B+,6
STU0021,ME101,B,1
STU0021,ME102,C,2
STU0021,ME201,A,3
STU0021,ME202,A+,4
STU0021,ME301,A+,5
STU0021,ME302,A,6
STU0022,EEE101,B,1
STU0022,EEE102,C,2
STU0022,EEE201,O,3
STU0022,EEE202,B+,4
STU0022,EEE301,A,5
STU0022,EEE302,A+,6
STU0023,ECE101,A+,1
STU0023,ECE102,A,2
STU0023,ECE201,C,3
STU0023,ECE202,A,4
STU0023,ECE301,B+,5
STU0023,ECE302,B,6
STU0024,EEE101,A,1
STU0024,EEE102,F,2
STU0024,EEE201,F,3
STU0024,EEE202,A,4
STU0024,EEE301,A,5
STU0024,EEE302,A,6
STU0025,CSE101,A,1
STU0025,CSE102,O,2
STU0025,CSE201,B+,3
STU0025,CSE202,B+,4
STU0025,CSE301,O,5
STU0025,CSE302,A,6
STU0026,ME101,C,1
STU0026,ME102,A+,2
STU0026,ME201,A+,3
STU0026,ME202,A,4
STU0026,ME301,F,5
STU0026,ME302,A+,6
STU0027,ECE101,B+,1
STU0027,ECE102,B,2
STU0027,ECE201,A+,3
STU0027,ECE202,B,4
STU0027,ECE301,A,5
STU0027,ECE302,B+,6
STU0028,ECE101,B+,1
STU0028,ECE102,B+,2
STU0028,ECE201,O,3
STU0028,ECE202,B,4
STU0028,ECE301,A,5
STU0028,ECE302,A+,6
STU0029,CE101,O,1
STU0029,CE102,B+,2
STU0029,CE201,B+,3
STU0029,CE202,O,4
STU0029,CE301,B+,5
STU0029,CE302,A+,6
STU0030,ECE101,B+,1
STU0030,ECE102,A+,2
STU0030,ECE201,B+,3
STU0030,ECE202,A,4
STU0030,ECE301,C,5
STU0030,ECE302,A+,6
STU0031,EEE101,A,1
STU0031,EEE102,A+,2
STU0031,EEE201,C,3
STU0031,EEE202,C,4
STU0031,EEE301,A,5
STU0031,EEE302,B+,6
STU0032,ME101,B,1
STU0032,ME102,B+,2
STU0032,ME201,B+,3
STU0032,ME202,A+,4
STU0032,ME301,O,5
STU0032,ME302,C,6
STU0033,EEE101,C,1
STU0033,EEE102,B+,2
STU0033,EEE201,A,3
STU0033,EEE202,A,4
STU0033,EEE301,B,5
STU0033,EEE302,C,6
STU0034,CSE101,C,1
STU0034,CSE102,B,2
STU0034,CSE201,B+,3
STU0034,CSE202,O,4
STU0034,CSE301,A+,5
STU0034,CSE302,C,6
STU0035,CE101,B+,1
STU0035,CE102,O,2
STU0035,CE201,A+,3
STU0035,CE202,B+,4
STU0035,CE301,O,5
STU0035,CE302,A+,6
STU0036,CE101,B+,1
STU0036,CE102,B+,2
STU0036,CE201,B+,3
STU0036,CE202,A+,4
STU0036,CE301,B,5
STU0036,CE302,A+,6
STU0037,EEE101,A,1
STU0037,EEE102,B,2
STU0037,EEE201,B+,3
STU0037,EEE202,B,4
STU0037,EEE301,B+,5
STU0037,EEE302,B+,6
STU0038,CSE101,O,1
STU0038,CSE102,A,2
STU0038,CSE201,A,3
STU0038,CSE202,A+,4
STU0038,CSE301,F,5
STU0038,CSE302,A,6
STU0039,ME101,C,1
STU0039,ME102,B+,2
STU0039,ME201,B,3
STU0039,ME202,B+,4
STU0039,ME301,B+,5
STU0039,ME302,A,6
STU0040,ECE101,A+,1
STU0040,ECE102,B,2
STU0040,ECE201,A,3
STU0040,ECE202,O,4
STU0040,ECE301,B+,5
STU0040,ECE302,A+,6
STU0041,EEE101,C,1
STU0041,EEE102,F,2
STU0041,EEE201,C,3
STU0041,EEE202,A,4
STU0041,EEE301,O,5
STU0041,EEE302,C,6
STU0042,ME101,A,1
STU0042,ME102,F,2
STU0042,ME201,F,3
STU0042,ME202,C,4
STU0042,ME301,A,5
STU0042,ME302,A,6
STU0043,ECE101,C,1
STU0043,ECE102,A,2
STU0043,ECE201,A+,3
STU0043,ECE202,B+,4
STU0043,ECE301,C,5
STU0043,ECE302,B+,6
STU0044,EEE101,B+,1
STU0044,EEE102,O,2
STU0044,EEE201,B+,3
STU0044,EEE202,F,4
STU0044,EEE301,A+,5
STU0044,EEE302,B+,6
STU0045,EEE101,C,1
STU0045,EEE102,B,2
STU0045,EEE201,B+,3
STU0045,EEE202,B,4
STU0045,EEE301,A,5
STU0045,EEE302,A,6
STU0046,CSE101,B,1
STU0046,CSE102,B,2
STU0046,CSE201,C,3
STU0046,CSE202,C,4
STU0046,CSE301,B+,5
STU0046,CSE302,B+,6
STU0047,ECE101,B,1
STU0047,ECE102,B+,2
STU0047,ECE201,B,3
STU0047,ECE202,B,4
STU0047,ECE301,C,5
STU0047,ECE302,A,6
STU0048,CSE101,A,1
STU0048,CSE102,O,2
STU0048,CSE201,B+,3
STU0048,CSE202,O,4
STU0048,CSE301,A,5
STU0048,CSE302,B+,6
STU0049,EEE101,A,1
STU0049,EEE102,B+,2
STU0049,EEE201,O,3
STU0049,EEE202,O,4
STU0049,EEE301,B,5
STU0049,EEE302,A,6
STU0050,CE101,A+,1
STU0050,CE102,B+,2
STU0050,CE201,B,3
STU0050,CE202,A+,4
STU0050,CE301,B+,5
STU0050,CE302,O,6
STU0051,ME101,O,1
STU0051,ME102,B+,2
STU0051,ME201,B+,3
STU0051,ME202,B+,4
STU0051,ME301,B,5
STU0051,ME302,F,6
STU0052,ECE101,B+,1
STU0052,ECE102,A,2
STU0052,ECE201,B,3
STU0052,ECE202,A,4
STU0052,ECE301,A,5
STU0052,ECE302,O,6
STU0053,ME101,O,1
STU0053,ME102,F,2
STU0053,ME201,B,3
STU0053,ME202,B+,4
STU0053,ME301,A,5
STU0053,ME302,A+,6
STU0054,CE101,A+,1
STU0054,CE102,A,2
STU0054,CE201,B+,3
STU0054,CE202,B,4
STU0054,CE301,B+,5
STU0054,CE302,A,6
STU0055,CSE101,F,1
STU0055,CSE102,B,2
STU0055,CSE201,B+,3
STU0055,CSE202,B+,4
STU0055,CSE301,A,5
STU0055,CSE302,A+,6
STU0056,ME101,A,1
STU0056,ME102,B,2
STU0056,ME201,O,3
STU0056,ME202,A+,4
STU0056,ME301,O,5
STU0056,ME302,O,6
STU0057,EEE101,C,1
STU0057,EEE102,B,2
STU0057,EEE201,A,3
STU0057,EEE202,O,4
STU0057,EEE301,A,5
STU0057,EEE302,A,6
STU0058,CSE101,A+,1
STU0058,CSE102,A,2
STU0058,CSE201,A,3
STU0058,CSE202,B+,4
STU0058,CSE301,B+,5
STU0058,CSE302,O,6
STU0059,ME101,A,1
STU0059,ME102,B+,2
STU0059,ME201,B+,3
STU0059,ME202,C,4
STU0059,ME301,B+,5
STU0059,ME302,A+,6
STU0060,ME101,O,1
STU0060,ME102,B+,2
STU0060,ME201,O,3
STU0060,ME202,B+,4
STU0060,ME301,C,5
STU0060,ME302,B+,6
STU0061,EEE101,A,1
STU0061,EEE102,B+,2
STU0061,EEE201,A,3
STU0061,EEE202,B+,4
STU0061,EEE301,C,5
STU0061,EEE302,A,6
STU0062,ECE101,F,1
STU0062,ECE102,C,2
STU0062,ECE201,A+,3
STU0062,ECE202,O,4
STU0062,ECE301,A+,5
STU0062,ECE302,O,6
STU0063,ECE101,O,1
STU0063,ECE102,B+,2
STU0063,ECE201,O,3
STU0063,ECE202,A,4
STU0063,ECE301,B,5
STU0063,ECE302,O,6
STU0064,ME101,B,1
STU0064,ME102,A,2
STU0064,ME201,A+,3
STU0064,ME202,B+,4
STU0064,ME301,B+,5
STU0064,ME302,C,6
STU0065,CSE101,B,1
STU0065,CSE102,B,2
STU0065,CSE201,A,3
STU0065,CSE202,A+,4
STU0065,CSE301,B,5
STU0065,CSE302,B,6
STU0066,CSE101,F,1
STU0066,CSE102,A,2
STU0066,CSE201,A,3
STU0066,CSE202,B,4
STU0066,CSE301,A,5
STU0066,CSE302,C,6
STU0067,CSE101,C,1
STU0067,CSE102,A,2
STU0067,CSE201,B,3
STU0067,CSE202,B,4
STU0067,CSE301,A+,5
STU0067,CSE302,C,6
STU0068,EEE101,B+,1
STU0068,EEE102,B,2
STU0068,EEE201,A,3
STU0068,EEE202,C,4
STU0068,EEE301,A,5
STU0068,EEE302,O,6
STU0069,ECE101,C,1
STU0069,ECE102,O,2
STU0069,ECE201,A,3
STU0069,ECE202,F,4
STU0069,ECE301,F,5
STU0069,ECE302,B+,6
STU0070,CSE101,B+,1
STU0070,CSE102,A,2
STU0070,CSE201,A,3
STU0070,CSE202,A,4
STU0070,CSE301,B+,5
STU0070,CSE302,B,6
STU0071,CSE101,B,1
STU0071,CSE102,B,2
STU0071,CSE201,O,3
STU0071,CSE202,A,4
STU0071,CSE301,O,5
STU0071,CSE302,B+,6
STU0072,CSE101,A,1
STU0072,CSE102,C,2
STU0072,CSE201,A,3
STU0072,CSE202,A+,4
STU0072,CSE301,A+,5
STU0072,CSE302,B,6
STU0073,ECE101,B+,1
STU0073,ECE102,A+,2
STU0073,ECE201,O,3
STU0073,ECE202,B,4
STU0073,ECE301,O,5
STU0073,ECE302,B,6
STU0074,ECE101,B,1
STU0074,ECE102,O,2
STU0074,ECE201,O,3
STU0074,ECE202,F,4
STU0074,ECE301,A,5
STU0074,ECE302,A,6
STU0075,ECE101,B,1
STU0075,ECE102,C,2
STU0075,ECE201,F,3
STU0075,ECE202,B,4
STU0075,ECE301,A,5
STU0075,ECE302,O,6
STU0076,ME101,B,1
STU0076,ME102,B+,2
STU0076,ME201,A,3
STU0076,ME202,C,4
STU0076,ME301,A+,5
STU0076,ME302,A,6
STU0077,ME101,O,1
STU0077,ME102,A,2
STU0077,ME201,O,3
STU0077,ME202,A+,4
STU0077,ME301,A+,5
STU0077,ME302,B+,6
STU0078,ECE101,B,1
STU0078,ECE102,B+,2
STU0078,ECE201,F,3
STU0078,ECE202,A,4
STU0078,ECE301,A,5
STU0078,ECE302,C,6
STU0079,CSE101,A+,1
STU0079,CSE102,F,2
STU0079,CSE201,O,3
STU0079,CSE202,F,4
STU0079,CSE301,O,5
STU0079,CSE302,C,6
STU0080,ME101,B+,1
STU0080,ME102,F,2
STU0080,ME201,O,3
STU0080,ME202,B+,4
STU0080,ME301,F,5
STU0080,ME302,B+,6
STU0081,EEE101,B+,1
STU0081,EEE102,B+,2
STU0081,EEE201,A,3
STU0081,EEE202,B+,4
STU0081,EEE301,B+,5
STU0081,EEE302,C,6
STU0082,CSE101,O,1
STU0082,CSE102,A,2
STU0082,CSE201,F,3
STU0082,CSE202,C,4
STU0082,CSE301,A,5
STU0082,CSE302,B+,6
STU0083,ECE101,A,1
STU0083,ECE102,A+,2
STU0083,ECE201,A,3
STU0083,ECE202,A,4
STU0083,ECE301,B+,5
STU0083,ECE302,O,6
STU0084,ECE101,F,1
STU0084,ECE102,F,2
STU0084,ECE201,B+,3
STU0084,ECE202,B+,4
STU0084,ECE301,A,5
STU0084,ECE302,B,6
STU0085,EEE101,B+,1
STU0085,EEE102,A+,2
STU0085,EEE201,C,3
STU0085,EEE202,B,4
STU0085,EEE301,C,5
STU0085,EEE302,B,6
STU0086,CE101,B+,1
STU0086,CE102,A,2
STU0086,CE201,C,3
STU0086,CE202,C,4
STU0086,CE301,O,5
STU0086,CE302,O,6
STU0087,ME101,A,1
STU0087,ME102,B,2
STU0087,ME201,F,3
STU0087,ME202,A+,4
STU0087,ME301,B+,5
STU0087,ME302,A,6
STU0088,ECE101,F,1
STU0088,ECE102,B,2
STU0088,ECE201,B,3
STU0088,ECE202,A,4
STU0088,ECE301,A,5
STU0088,ECE302,A,6
STU0089,ME101,O,1
STU0089,ME102,C,2
STU0089,ME201,B,3
STU0089,ME202,F,4
STU0089,ME301,F,5
STU0089,ME302,B+,6
STU0090,CSE101,B,1
STU0090,CSE102,C,2
STU0090,CSE201,B,3
STU0090,CSE202,A+,4
STU0090,CSE301,A,5
STU0090,CSE302,A+,6
STU0091,CSE101,F,1
STU0091,CSE102,B+,2
STU0091,CSE201,A+,3
STU0091,CSE202,B+,4
STU0091,CSE301,B+,5
STU0091,CSE302,A,6
STU0092,ECE101,A+,1
STU0092,ECE102,B+,2
STU0092,ECE201,B+,3
STU0092,ECE202,B,4
STU0092,ECE301,B+,5
STU0092,ECE302,C,6
STU0093,ECE101,B+,1
STU0093,ECE102,B+,2
STU0093,ECE201,C,3
STU0093,ECE202,A,4
STU0093,ECE301,A+,5
STU0093,ECE302,O,6
STU0094,CE101,B,1
STU0094,CE102,B+,2
STU0094,CE201,B,3
STU0094,CE202,A+,4
STU0094,CE301,A+,5
STU0094,CE302,O,6
STU0095,EEE101,A,1
STU0095,EEE102,B+,2
STU0095,EEE201,A,3
STU0095,EEE202,A,4
STU0095,EEE301,C,5
STU0095,EEE302,A,6
STU0096,EEE101,B+,1
STU0096,EEE102,B,2
STU0096,EEE201,A,3
STU0096,EEE202,B+,4
STU0096,EEE301,C,5
STU0096,EEE302,C,6
STU0097,ECE101,A+,1
STU0097,ECE102,C,2
STU0097,ECE201,A,3
STU0097,ECE202,A,4
STU0097,ECE301,A,5
STU0097,ECE302,F,6
STU0098,EEE101,A,1
STU0098,EEE102,A,2
STU0098,EEE201,B+,3
STU0098,EEE202,A+,4
STU0098,EEE301,O,5
STU0098,EEE302,A+,6
STU0099,EEE101,A+,1
STU0099,EEE102,A+,2
STU0099,EEE201,A+,3
STU0099,EEE202,B+,4
STU0099,EEE301,A+,5
STU0099,EEE302,A,6
STU0100,ECE101,C,1
STU0100,ECE102,A,2
STU0100,ECE201,B+,3
STU0100,ECE202,A+,4
STU0100,ECE301,A+,5
STU0100,ECE302,O,6
STU0101,EEE101,A+,1
STU0101,EEE102,A,2
STU0101,EEE201,A+,3
STU0101,EEE202,O,4
STU0101,EEE301,A+,5
STU0101,EEE302,A,6
STU0102,CSE101,A+,1
STU0102,CSE102,A,2
STU0102,CSE201,B+,3
STU0102,CSE202,B+,4
STU0102,CSE301,O,5
STU0102,CSE302,B,6
STU0103,CSE101,B+,1
STU0103,CSE102,O,2
STU0103,CSE201,C,3
STU0103,CSE202,C,4
STU0103,CSE301,O,5
STU0103,CSE302,A,6
STU0104,ME101,B,1
STU0104,ME102,B,2
STU0104,ME201,A+,3
STU0104,ME202,A+,4
STU0104,ME301,A,5
STU0104,ME302,A,6
STU0105,EEE101,B+,1
STU0105,EEE102,A,2
STU0105,EEE201,A,3
STU0105,EEE202,B,4
STU0105,EEE301,O,5
STU0105,EEE302,A,6
STU0106,CSE101,B,1
STU0106,CSE102,C,2
STU0106,CSE201,B+,3
STU0106,CSE202,B+,4
STU0106,CSE301,A+,5
STU0106,CSE302,A,6
STU0107,EEE101,B+,1
STU0107,EEE102,A+,2
STU0107,EEE201,A,3
STU0107,EEE202,A,4
STU0107,EEE301,O,5
STU0107,EEE302,A,6
STU0108,EEE101,A+,1
STU0108,EEE102,A,2
STU0108,EEE201,A+,3
STU0108,EEE202,C,4
STU0108,EEE301,B+,5
STU0108,EEE302,B+,6
STU0109,ECE101,B,1
STU0109,ECE102,A,2
STU0109,ECE201,O,3
STU0109,ECE202,B+,4
STU0109,ECE301,B+,5
STU0109,ECE302,B,6
STU0110,CSE101,A,1
STU0110,CSE102,A+,2
STU0110,CSE201,A,3
STU0110,CSE202,A,4
STU0110,CSE301,B+,5
STU0110,CSE302,B+,6
STU0111,ECE101,A,1
STU0111,ECE102,F,2
STU0111,ECE201,B+,3
STU0111,ECE202,A+,4
STU0111,ECE301,A+,5
STU0111,ECE302,A+,6
STU0112,EEE101,A+,1
STU0112,EEE102,A+,2
STU0112,EEE201,A+,3
STU0112,EEE202,A,4
STU0112,EEE301,A+,5
STU0112,EEE302,C,6
STU0113,EEE101,O,1
STU0113,EEE102,B+,2
STU0113,EEE201,A,3
STU0113,EEE202,F,4
STU0113,EEE301,A+,5
STU0113,EEE302,A,6
STU0114,ECE101,F,1
STU0114,ECE102,C,2
STU0114,ECE201,B,3
STU0114,ECE202,A,4
STU0114,ECE301,A+,5
STU0114,ECE302,B+,6
STU0115,CE101,C,1
STU0115,CE102,B+,2
STU0115,CE201,B+,3
STU0115,CE202,A,4
STU0115,CE301,B,5
STU0115,CE302,A+,6
STU0116,CE101,A,1
STU0116,CE102,A,2
STU0116,CE201,B+,3
STU0116,CE202,A+,4
STU0116,CE301,A+,5
STU0116,CE302,B+,6
STU0117,ME101,A,1
STU0117,ME102,B+,2
STU0117,ME201,A+,3
STU0117,ME202,A,4
STU0117,ME301,B+,5
STU0117,ME302,O,6
STU0118,CE101,A,1
STU0118,CE102,A+,2
STU0118,CE201,O,3
STU0118,CE202,F,4
STU0118,CE301,A,5
STU0118,CE302,B,6
STU0119,ECE101,A,1
STU0119,ECE102,B+,2
STU0119,ECE201,B,3
STU0119,ECE202,B+,4
STU0119,ECE301,A,5
STU0119,ECE302,A,6
STU0120,ME101,A,1
STU0120,ME102,C,2
STU0120,ME201,B,3
STU0120,ME202,F,4
STU0120,ME301,A+,5
STU0120,ME302,B,6
STU0121,ECE101,C,1
STU0121,ECE102,A+,2
STU0121,ECE201,O,3
STU0121,ECE202,B,4
STU0121,ECE301,B+,5
STU0121,ECE302,B,6
STU0122,CE101,A+,1
STU0122,CE102,B,2
STU0122,CE201,A+,3
STU0122,CE202,A+,4
STU0122,CE301,A+,5
STU0122,CE302,B,6
STU0123,ME101,B+,1
STU0123,ME102,B+,2
STU0123,ME201,A,3
STU0123,ME202,C,4
STU0123,ME301,A,5
STU0123,ME302,B,6
STU0124,EEE101,A,1
STU0124,EEE102,A,2
STU0124,EEE201,A,3
STU0124,EEE202,A,4
STU0124,EEE301,B,5
STU0124,EEE302,B+,6
STU0125,CSE101,A+,1
STU0125,CSE102,C,2
STU0125,CSE201,A,3
STU0125,CSE202,B+,4
STU0125,CSE301,C,5
STU0125,CSE302,B+,6
STU0126,ECE101,A+,1
STU0126,ECE102,C,2
STU0126,ECE201,B+,3
STU0126,ECE202,A,4
STU0126,ECE301,A+,5
STU0126,ECE302,B,6
STU0127,CSE101,B+,1
STU0127,CSE102,B+,2
STU0127,CSE201,C,3
STU0127,CSE202,B,4
STU0127,CSE301,A+,5
STU0127,CSE302,A,6
STU0128,ME101,A+,1
STU0128,ME102,B,2
STU0128,ME201,O,3
STU0128,ME202,B+,4
STU0128,ME301,B,5
STU0128,ME302,C,6
STU0129,CE101,A,1
STU0129,CE102,B,2
STU0129,CE201,A+,3
STU0129,CE202,B,4
STU0129,CE301,A+,5
STU0129,CE302,A,6
STU0130,CE101,B,1
STU0130,CE102,A+,2
STU0130,CE201,A+,3
STU0130,CE202,B,4
STU0130,CE301,B,5
STU0130,CE302,B+,6
STU0131,ME101,B+,1
STU0131,ME102,B+,2
STU0131,ME201,A,3
STU0131,ME202,A,4
STU0131,ME301,A+,5
STU0131,ME302,C,6
STU0132,CSE101,B+,1
STU0132,CSE102,A,2
STU0132,CSE201,A,3
STU0132,CSE202,C,4
STU0132,CSE301,A+,5
STU0132,CSE302,B+,6
STU0133,ME101,B+,1
STU0133,ME102,B+,2
STU0133,ME201,O,3
STU0133,ME202,C,4
STU0133,ME301,C,5
STU0133,ME302,B+,6
STU0134,EEE101,B+,1
STU0134,EEE102,C,2
STU0134,EEE201,B,3
STU0134,EEE202,A+,4
STU0134,EEE301,B+,5
STU0134,EEE302,B+,6
STU0135,ME101,A,1
STU0135,ME102,B,2
STU0135,ME201,C,3
STU0135,ME202,C,4
STU0135,ME301,A,5
STU0135,ME302,A+,6
STU0136,ME101,F,1
STU0136,ME102,B,2
STU0136,ME201,A+,3
STU0136,ME202,C,4
STU0136,ME301,C,5
STU0136,ME302,B+,6
STU0137,EEE101,B+,1
STU0137,EEE102,A,2
STU0137,EEE201,O,3
STU0137,EEE202,A,4
STU0137,EEE301,B,5
STU0137,EEE302,O,6
STU0138,CE101,A,1
STU0138,CE102,A,2
STU0138,CE201,B+,3
STU0138,CE202,C,4
STU0138,CE301,A,5
STU0138,CE302,A,6
STU0139,EEE101,B,1
STU0139,EEE102,A,2
STU0139,EEE201,A+,3
STU0139,EEE202,A,4
STU0139,EEE301,A+,5
STU0139,EEE302,A+,6
STU0140,EEE101,A,1
STU0140,EEE102,A,2
STU0140,EEE201,C,3
STU0140,EEE202,A,4
STU0140,EEE301,B+,5
STU0140,EEE302,B+,6
STU0141,ME101,O,1
STU0141,ME102,B+,2
STU0141,ME201,A+,3
STU0141,ME202,F,4
STU0141,ME301,A+,5
STU0141,ME302,A,6
STU0142,CE101,O,1
STU0142,CE102,F,2
STU0142,CE201,B+,3
STU0142,CE202,B+,4
STU0142,CE301,O,5
STU0142,CE302,B,6
STU0143,EEE101,A+,1
STU0143,EEE102,C,2
STU0143,EEE201,A+,3
STU0143,EEE202,A+,4
STU0143,EEE301,O,5
STU0143,EEE302,A,6
STU0144,CSE101,B+,1
STU0144,CSE102,O,2
STU0144,CSE201,B,3
STU0144,CSE202,A,4
STU0144,CSE301,B+,5
STU0144,CSE302,A,6
STU0145,CSE101,A,1
STU0145,CSE102,B+,2
STU0145,CSE201,A+,3
STU0145,CSE202,A+,4
STU0145,CSE301,C,5
STU0145,CSE302,C,6
STU0146,ME101,A,1
STU0146,ME102,A,2
STU0146,ME201,B+,3
STU0146,ME202,A,4
STU0146,ME301,O,5
STU0146,ME302,A+,6
STU0147,ECE101,B,1
STU0147,ECE102,B+,2
STU0147,ECE201,O,3
STU0147,ECE202,A+,4
STU0147,ECE301,A+,5
STU0147,ECE302,B+,6
STU0148,CE101,O,1
STU0148,CE102,A+,2
STU0148,CE201,B,3
STU0148,CE202,A+,4
STU0148,CE301,B+,5
STU0148,CE302,A+,6
STU0149,CE101,O,1
STU0149,CE102,A+,2
STU0149,CE201,B,3
STU0149,CE202,C,4
STU0149,CE301,B,5
STU0149,CE302,A,6
STU0150,CE101,B+,1
STU0150,CE102,A+,2
STU0150,CE201,A,3
STU0150,CE202,C,4
STU0150,CE301,O,5
STU0150,CE302,O,6
STU0151,ECE101,A+,1
STU0151,ECE102,O,2
STU0151,ECE201,A+,3
STU0151,ECE202,B+,4
STU0151,ECE301,A,5
STU0151,ECE302,C,6
STU0152,CSE101,B,1
STU0152,CSE102,A,2
STU0152,CSE201,A,3
STU0152,CSE202,A,4
STU0152,CSE301,B+,5
STU0152,CSE302,A,6
STU0153,ECE101,B+,1
STU0153,ECE102,A,2
STU0153,ECE201,B+,3
STU0153,ECE202,A,4
STU0153,ECE301,A,5
STU0153,ECE302,C,6
STU0154,CSE101,B,1
STU0154,CSE102,A+,2
STU0154,CSE201,C,3
STU0154,CSE202,A,4
STU0154,CSE301,C,5
STU0154,CSE302,B,6
STU0155,CE101,A,1
STU0155,CE102,O,2
STU0155,CE201,A,3
STU0155,CE202,B+,4
STU0155,CE301,B+,5
STU0155,CE302,A,6
STU0156,EEE101,A+,1
STU0156,EEE102,B,2
STU0156,EEE201,F,3
STU0156,EEE202,B+,4
STU0156,EEE301,A+,5
STU0156,EEE302,A,6
STU0157,CE101,O,1
STU0157,CE102,C,2
STU0157,CE201,A+,3
STU0157,CE202,B+,4
STU0157,CE301,A,5
STU0157,CE302,B+,6
STU0158,EEE101,B+,1
STU0158,EEE102,B,2
STU0158,EEE201,A+,3
STU0158,EEE202,O,4
STU0158,EEE301,A+,5
STU0158,EEE302,C,6
STU0159,CE101,C,1
STU0159,CE102,B+,2
STU0159,CE201,B+,3
STU0159,CE202,B+,4
STU0159,CE301,A+,5
STU0159,CE302,C,6
STU0160,ME101,A,1
STU0160,ME102,A,2
STU0160,ME201,B+,3
STU0160,ME202,O,4
STU0160,ME301,A+,5
STU0160,ME302,B,6
STU0161,ECE101,O,1
STU0161,ECE102,B+,2
STU0161,ECE201,A+,3
STU0161,ECE202,A,4
STU0161,ECE301,A,5
STU0161,ECE302,A,6
STU0162,ME101,B,1
STU0162,ME102,A,2
STU0162,ME201,B+,3
STU0162,ME202,A,4
STU0162,ME301,B+,5
STU0162,ME302,C,6
STU0163,ME101,B,1
STU0163,ME102,A+,2
STU0163,ME201,O,3
STU0163,ME202,A,4
STU0163,ME301,B+,5
STU0163,ME302,O,6
STU0164,ECE101,A,1
STU0164,ECE102,B+,2
STU0164,ECE201,A,3
STU0164,ECE202,B,4
STU0164,ECE301,A+,5
STU0164,ECE302,O,6
STU0165,ECE101,B,1
STU0165,ECE102,A,2
STU0165,ECE201,B+,3
STU0165,ECE202,A,4
STU0165,ECE301,A+,5
STU0165,ECE302,B,6
STU0166,CE101,B,1
STU0166,CE102,B+,2
STU0166,CE201,A,3
STU0166,CE202,B+,4
STU0166,CE301,A,5
STU0166,CE302,O,6
STU0167,CE101,C,1
STU0167,CE102,A+,2
STU0167,CE201,F,3
STU0167,CE202,A,4
STU0167,CE301,A+,5
STU0167,CE302,B+,6
STU0168,CE101,C,1
STU0168,CE102,B,2
STU0168,CE201,B,3
STU0168,CE202,B+,4
STU0168,CE301,B+,5
STU0168,CE302,B,6
STU0169,EEE101,A+,1
STU0169,EEE102,A,2
STU0169,EEE201,A+,3
STU0169,EEE202,F,4
STU0169,EEE301,C,5
STU0169,EEE302,O,6
STU0170,ME101,B,1
STU0170,ME102,C,2
STU0170,ME201,A+,3
STU0170,ME202,B+,4
STU0170,ME301,C,5
STU0170,ME302,O,6
STU0171,CE101,B+,1
STU0171,CE102,A,2
STU0171,CE201,C,3
STU0171,CE202,F,4
STU0171,CE301,C,5
STU0171,CE302,A,6
STU0172,CE101,C,1
STU0172,CE102,B,2
STU0172,CE201,A,3
STU0172,CE202,B,4
STU0172,CE301,O,5
STU0172,CE302,B+,6
STU0173,CE101,A+,1
STU0173,CE102,A+,2
STU0173,CE201,O,3
STU0173,CE202,B+,4
STU0173,CE301,A,5
STU0173,CE302,B,6
STU0174,CE101,O,1
STU0174,CE102,A,2
STU0174,CE201,B+,3
STU0174,CE202,B,4
STU0174,CE301,A,5
STU0174,CE302,B+,6
STU0175,ECE101,C,1
STU0175,ECE102,B+,2
STU0175,ECE201,A+,3
STU0175,ECE202,O,4
STU0175,ECE301,C,5
STU0175,ECE302,O,6
STU0176,CE101,C,1
STU0176,CE102,B+,2
STU0176,CE201,C,3
STU0176,CE202,B,4
STU0176,CE301,F,5
STU0176,CE302,A,6
STU0177,CSE101,B,1
STU0177,CSE102,A,2
STU0177,CSE201,A,3
STU0177,CSE202,B+,4
STU0177,CSE301,C,5
STU0177,CSE302,F,6
STU0178,CE101,B,1
STU0178,CE102,A,2
STU0178,CE201,A,3
STU0178,CE202,B,4
STU0178,CE301,A+,5
STU0178,CE302,A+,6
STU0179,CE101,A,1
STU0179,CE102,A,2
STU0179,CE201,A,3
STU0179,CE202,A+,4
STU0179,CE301,O,5
STU0179,CE302,O,6
STU0180,ME101,F,1
STU0180,ME102,A,2
STU0180,ME201,A,3
STU0180,ME202,B+,4
STU0180,ME301,A+,5
STU0180,ME302,C,6
STU0181,ME101,B,1
STU0181,ME102,O,2
STU0181,ME201,A,3
STU0181,ME202,C,4
STU0181,ME301,C,5
STU0181,ME302,A,6
STU0182,ME101,B+,1
STU0182,ME102,A+,2
STU0182,ME201,F,3
STU0182,ME202,A+,4
STU0182,ME301,C,5
STU0182,ME302,B+,6
STU0183,CSE101,B+,1
STU0183,CSE102,B+,2
STU0183,CSE201,A+,3
STU0183,CSE202,A+,4
STU0183,CSE301,A+,5
STU0183,CSE302,A+,6
STU0184,ME101,B,1
STU0184,ME102,A,2
STU0184,ME201,O,3
STU0184,ME202,F,4
STU0184,ME301,C,5
STU0184,ME302,C,6
STU0185,CSE101,F,1
STU0185,CSE102,A+,2
STU0185,CSE201,A,3
STU0185,CSE202,B,4
STU0185,CSE301,B+,5
STU0185,CSE302,A+,6
STU0186,ECE101,B,1
STU0186,ECE102,A+,2
STU0186,ECE201,A+,3
STU0186,ECE202,B+,4
STU0186,ECE301,B+,5
STU0186,ECE302,B+,6
STU0187,ECE101,O,1
STU0187,ECE102,C,2
STU0187,ECE201,A,3
STU0187,ECE202,A+,4
STU0187,ECE301,C,5
STU0187,ECE302,F,6
STU0188,EEE101,C,1
STU0188,EEE102,B,2
STU0188,EEE201,B+,3
STU0188,EEE202,B+,4
STU0188,EEE301,O,5
STU0188,EEE302,A,6
STU0189,ME101,A,1
STU0189,ME102,A,2
STU0189,ME201,B,3
STU0189,ME202,A,4
STU0189,ME301,O,5
STU0189,ME302,A+,6
STU0190,EEE101,B+,1
STU0190,EEE102,O,2
STU0190,EEE201,C,3
STU0190,EEE202,A,4
STU0190,EEE301,A,5
STU0190,EEE302,B+,6
STU0191,ECE101,B,1
STU0191,ECE102,A,2
STU0191,ECE201,B+,3
STU0191,ECE202,B+,4
STU0191,ECE301,A,5
STU0191,ECE302,C,6
STU0192,EEE101,B,1
STU0192,EEE102,B+,2
STU0192,EEE201,C,3
STU0192,EEE202,C,4
STU0192,EEE301,B,5
STU0192,EEE302,B,6
STU0193,EEE101,B+,1
STU0193,EEE102,B+,2
STU0193,EEE201,B+,3
STU0193,EEE202,B,4
STU0193,EEE301,A+,5
STU0193,EEE302,C,6
STU0194,CE101,C,1
STU0194,CE102,O,2
STU0194,CE201,B,3
STU0194,CE202,A+,4
STU0194,CE301,A,5
STU0194,CE302,B,6
STU0195,CSE101,A+,1
STU0195,CSE102,B,2
STU0195,CSE201,B,3
STU0195,CSE202,B+,4
STU0195,CSE301,O,5
STU0195,CSE302,A,6
STU0196,CSE101,B+,1
STU0196,CSE102,F,2
STU0196,CSE201,B+,3
STU0196,CSE202,A,4
STU0196,CSE301,B+,5
STU0196,CSE302,B+,6
STU0197,EEE101,B,1
STU0197,EEE102,A+,2
STU0197,EEE201,B,3
STU0197,EEE202,B+,4
STU0197,EEE301,F,5
STU0197,EEE302,A,6
STU0198,ME101,B+,1
STU0198,ME102,C,2
STU0198,ME201,A+,3
STU0198,ME202,C,4
STU0198,ME301,B+,5
STU0198,ME302,O,6
STU0199,CSE101,A,1
STU0199,CSE102,B,2
STU0199,CSE201,O,3
STU0199,CSE202,B+,4
STU0199,CSE301,A,5
STU0199,CSE302,B+,6
STU0200,CSE101,O,1
STU0200,CSE102,C,2
STU0200,CSE201,F,3
STU0200,CSE202,F,4
STU0200,CSE301,B,5
STU0200,CSE302,A+,6
STU0201,CSE101,B,1
STU0201,CSE102,O,2
STU0201,CSE201,O,3
STU0201,CSE202,A,4
STU0201,CSE301,A,5
STU0201,CSE302,B,6
STU0202,CE101,B+,1
STU0202,CE102,A,2
STU0202,CE201,A,3
STU0202,CE202,F,4
STU0202,CE301,A,5
STU0202,CE302,A,6
STU0203,ECE101,A+,1
STU0203,ECE102,B,2
STU0203,ECE201,B+,3
STU0203,ECE202,A+,4
STU0203,ECE301,O,5
STU0203,ECE302,B+,6
STU0204,EEE101,B+,1
STU0204,EEE102,A,2
STU0204,EEE201,F,3
STU0204,EEE202,A+,4
STU0204,EEE301,A,5
STU0204,EEE302,C,6
STU0205,CE101,A,1
STU0205,CE102,B+,2
STU0205,CE201,A,3
STU0205,CE202,A,4
STU0205,CE301,F,5
STU0205,CE302,A,6
STU0206,ME101,C,1
STU0206,ME102,A+,2
STU0206,ME201,A+,3
STU0206,ME202,O,4
STU0206,ME301,B+,5
STU0206,ME302,A,6
STU0207,ME101,C,1
STU0207,ME102,A,2
STU0207,ME201,F,3
STU0207,ME202,A+,4
STU0207,ME301,C,5
STU0207,ME302,B,6
STU0208,CE101,B,1
STU0208,CE102,B,2
STU0208,CE201,B,3
STU0208,CE202,B+,4
STU0208,CE301,A+,5
STU0208,CE302,O,6
STU0209,ME101,C,1
STU0209,ME102,B+,2
STU0209,ME201,B,3
STU0209,ME202,A,4
STU0209,ME301,A+,5
STU0209,ME302,A+,6
STU0210,ECE101,B+,1
STU0210,ECE102,A,2
STU0210,ECE201,A+,3
STU0210,ECE202,A,4
STU0210,ECE301,O,5
STU0210,ECE302,B+,6
STU0211,ME101,A,1
STU0211,ME102,B,2
STU0211,ME201,A,3
STU0211,ME202,A,4
STU0211,ME301,O,5
STU0211,ME302,O,6
STU0212,EEE101,A,1
STU0212,EEE102,A,2
STU0212,EEE201,B+,3
STU0212,EEE202,A,4
STU0212,EEE301,B+,5
STU0212,EEE302,C,6
STU0213,CSE101,B,1
STU0213,CSE102,O,2
STU0213,CSE201,A,3
STU0213,CSE202,A+,4
STU0213,CSE301,A+,5
STU0213,CSE302,F,6
STU0214,CE101,A+,1
STU0214,CE102,A,2
STU0214,CE201,B+,3
STU0214,CE202,B,4
STU0214,CE301,B+,5
STU0214,CE302,O,6
STU0215,CE101,A,1
STU0215,CE102,B+,2
STU0215,CE201,O,3
STU0215,CE202,A,4
STU0215,CE301,O,5
STU0215,CE302,O,6
STU0216,CE101,A,1
STU0216,CE102,A+,2
STU0216,CE201,B+,3
STU0216,CE202,B+,4
STU0216,CE301,B,5
STU0216,CE302,A+,6
STU0217,ME101,A+,1
STU0217,ME102,A+,2
STU0217,ME201,B+,3
STU0217,ME202,B,4
STU0217,ME301,O,5
STU0217,ME302,C,6
STU0218,ME101,O,1
STU0218,ME102,B+,2
STU0218,ME201,B,3
STU0218,ME202,C,4
STU0218,ME301,B,5
STU0218,ME302,B,6
STU0219,CE101,A,1
STU0219,CE102,B,2
STU0219,CE201,O,3
STU0219,CE202,C,4
STU0219,CE301,B+,5
STU0219,CE302,B,6
STU0220,CE101,A,1
STU0220,CE102,B+,2
STU0220,CE201,B+,3
STU0220,CE202,B,4
STU0220,CE301,O,5
STU0220,CE302,O,6
STU0221,ME101,A+,1
STU0221,ME102,A+,2
STU0221,ME201,C,3
STU0221,ME202,A+,4
STU0221,ME301,F,5
STU0221,ME302,A,6
STU0222,ME101,A+,1
STU0222,ME102,B,2
STU0222,ME201,B+,3
STU0222,ME202,A,4
STU0222,ME301,B+,5
STU0222,ME302,B,6
STU0223,ECE101,A+,1
STU0223,ECE102,F,2
STU0223,ECE201,F,3
STU0223,ECE202,B+,4
STU0223,ECE301,A+,5
STU0223,ECE302,B+,6
STU0224,ECE101,O,1
STU0224,ECE102,O,2
STU0224,ECE201,A,3
STU0224,ECE202,A,4
STU0224,ECE301,C,5
STU0224,ECE302,B,6
STU0225,ME101,B,1
STU0225,ME102,A,2
STU0225,ME201,A,3
STU0225,ME202,A,4
STU0225,ME301,F,5
STU0225,ME302,O,6
STU0226,CSE101,C,1
STU0226,CSE102,B+,2
STU0226,CSE201,A,3
STU0226,CSE202,B,4
STU0226,CSE301,A,5
STU0226,CSE302,C,6
STU0227,ECE101,C,1
STU0227,ECE102,A,2
STU0227,ECE201,A,3
STU0227,ECE202,B+,4
STU0227,ECE301,C,5
STU0227,ECE302,A+,6
STU0228,CSE101,B+,1
STU0228,CSE102,B+,2
STU0228,CSE201,B,3
STU0228,CSE202,A+,4
STU0228,CSE301,B,5
STU0228,CSE302,C,6
STU0229,ME101,A+,1
STU0229,ME102,A+,2
STU0229,ME201,F,3
STU0229,ME202,A+,4
STU0229,ME301,C,5
STU0229,ME302,A,6
STU0230,EEE101,A+,1
STU0230,EEE102,C,2
STU0230,EEE201,A,3
STU0230,EEE202,B+,4
STU0230,EEE301,A,5
STU0230,EEE302,B+,6
STU0231,CE101,A+,1
STU0231,CE102,A,2
STU0231,CE201,F,3
STU0231,CE202,A,4
STU0231,CE301,B+,5
STU0231,CE302,A,6
STU0232,EEE101,B,1
STU0232,EEE102,A+,2
STU0232,EEE201,F,3
STU0232,EEE202,A,4
STU0232,EEE301,A+,5
STU0232,EEE302,O,6
STU0233,CE101,A+,1
STU0233,CE102,B+,2
STU0233,CE201,A,3
STU0233,CE202,B,4
STU0233,CE301,A,5
STU0233,CE302,A+,6
STU0234,ME101,B+,1
STU0234,ME102,B,2
STU0234,ME201,A+,3
STU0234,ME202,A+,4
STU0234,ME301,O,5
STU0234,ME302,B,6
STU0235,CSE101,B+,1
STU0235,CSE102,A,2
STU0235,CSE201,B,3
STU0235,CSE202,B,4
STU0235,CSE301,B+,5
STU0235,CSE302,C,6
STU0236,CE101,A+,1
STU0236,CE102,A+,2
STU0236,CE201,A,3
STU0236,CE202,O,4
STU0236,CE301,B+,5
STU0236,CE302,C,6
STU0237,ECE101,O,1
STU0237,ECE102,A+,2
STU0237,ECE201,A,3
STU0237,ECE202,C,4
STU0237,ECE301,A,5
STU0237,ECE302,B+,6
STU0238,CSE101,O,1
STU0238,CSE102,A+,2
STU0238,CSE201,F,3
STU0238,CSE202,F,4
STU0238,CSE301,O,5
STU0238,CSE302,F,6
STU0239,EEE101,B+,1
STU0239,EEE102,C,2
STU0239,EEE201,A,3
STU0239,EEE202,B+,4
STU0239,EEE301,A,5
STU0239,EEE302,B+,6
STU0240,EEE101,A+,1
STU0240,EEE102,O,2
STU0240,EEE201,A,3
STU0240,EEE202,B,4
STU0240,EEE301,A+,5
STU0240,EEE302,B+,6
STU0241,ME101,F,1
STU0241,ME102,O,2
STU0241,ME201,B+,3
STU0241,ME202,A,4
STU0241,ME301,C,5
STU0241,ME302,A+,6
STU0242,ME101,B+,1
STU0242,ME102,B,2
STU0242,ME201,C,3
STU0242,ME202,B+,4
STU0242,ME301,A,5
STU0242,ME302,B+,6
STU0243,EEE101,C,1
STU0243,EEE102,B+,2
STU0243,EEE201,O,3
STU0243,EEE202,C,4
STU0243,EEE301,B+,5
STU0243,EEE302,B+,6
STU0244,ECE101,A+,1
STU0244,ECE102,B+,2
STU0244,ECE201,A,3
STU0244,ECE202,B+,4
STU0244,ECE301,A+,5
STU0244,ECE302,B+,6
STU0245,CSE101,F,1
STU0245,CSE102,O,2
STU0245,CSE201,F,3
STU0245,CSE202,A,4
STU0245,CSE301,C,5
STU0245,CSE302,B,6
STU0246,EEE101,B+,1
STU0246,EEE102,B,2
STU0246,EEE201,C,3
STU0246,EEE202,A,4
STU0246,EEE301,A,5
STU0246,EEE302,B+,6
STU0247,CE101,B,1
STU0247,CE102,B,2
STU0247,CE201,B,3
STU0247,CE202,A,4
STU0247,CE301,B,5
STU0247,CE302,A+,6
STU0248,ME101,B+,1
STU0248,ME102,O,2
STU0248,ME201,A,3
STU0248,ME202,A,4
STU0248,ME301,A,5
STU0248,ME302,B+,6
STU0249,ME101,A,1
STU0249,ME102,A,2
STU0249,ME201,A+,3
STU0249,ME202,A,4
STU0249,ME301,A+,5
STU0249,ME302,O,6
STU0250,CSE101,B+,1
STU0250,CSE102,B+,2
STU0250,CSE201,B+,3
STU0250,CSE202,A,4
STU0250,CSE301,A,5
STU0250,CSE302,C,6
STU0251,EEE101,B+,1
STU0251,EEE102,A,2
STU0251,EEE201,O,3
STU0251,EEE202,A,4
STU0251,EEE301,A,5
STU0251,EEE302,A,6
STU0252,CE101,B+,1
STU0252,CE102,B+,2
STU0252,CE201,B+,3
STU0252,CE202,B,4
STU0252,CE301,B,5
STU0252,CE302,B,6
STU0253,ECE101,F,1
STU0253,ECE102,O,2
STU0253,ECE201,A+,3
STU0253,ECE202,O,4
STU0253,ECE301,B+,5
STU0253,ECE302,C,6
STU0254,CSE101,A+,1
STU0254,CSE102,C,2
STU0254,CSE201,O,3
STU0254,CSE202,C,4
STU0254,CSE301,A,5
STU0254,CSE302,A+,6
STU0255,EEE101,A,1
STU0255,EEE102,A,2
STU0255,EEE201,A,3
STU0255,EEE202,A,4
STU0255,EEE301,B,5
STU0255,EEE302,B+,6
STU0256,CE101,A,1
STU0256,CE102,B+,2
STU0256,CE201,B,3
STU0256,CE202,A,4
STU0256,CE301,A,5
STU0256,CE302,A+,6
STU0257,CE101,A+,1
STU0257,CE102,B+,2
STU0257,CE201,A+,3
STU0257,CE202,B+,4
STU0257,CE301,B,5
STU0257,CE302,A+,6
STU0258,CE101,B+,1
STU0258,CE102,A,2
STU0258,CE201,F,3
STU0258,CE202,A,4
STU0258,CE301,B,5
STU0258,CE302,B+,6
STU0259,CE101,O,1
STU0259,CE102,B+,2
STU0259,CE201,F,3
STU0259,CE202,B+,4
STU0259,CE301,B,5
STU0259,CE302,C,6
STU0260,CSE101,A+,1
STU0260,CSE102,A+,2
STU0260,CSE201,B+,3
STU0260,CSE202,A,4
STU0260,CSE301,B,5
STU0260,CSE302,C,6
STU0261,ME101,A,1
STU0261,ME102,A+,2
STU0261,ME201,B,3
STU0261,ME202,A,4
STU0261,ME301,B,5
STU0261,ME302,A,6
STU0262,CE101,B+,1
STU0262,CE102,O,2
STU0262,CE201,B+,3
STU0262,CE202,A,4
STU0262,CE301,B+,5
STU0262,CE302,A+,6
STU0263,ME101,B,1
STU0263,ME102,C,2
STU0263,ME201,A+,3
STU0263,ME202,O,4
STU0263,ME301,O,5
STU0263,ME302,B+,6
STU0264,CE101,B+,1
STU0264,CE102,B+,2
STU0264,CE201,A+,3
STU0264,CE202,A,4
STU0264,CE301,B+,5
STU0264,CE302,A,6
STU0265,ME101,F,1
STU0265,ME102,A+,2
STU0265,ME201,B+,3
STU0265,ME202,A,4
STU0265,ME301,A,5
STU0265,ME302,B,6
STU0266,CSE101,B+,1
STU0266,CSE102,F,2
STU0266,CSE201,A+,3
STU0266,CSE202,A+,4
STU0266,CSE301,B,5
STU0266,CSE302,B+,6
STU0267,CE101,A,1
STU0267,CE102,O,2
STU0267,CE201,O,3
STU0267,CE202,C,4
STU0267,CE301,A+,5
STU0267,CE302,A,6
STU0268,CE101,A+,1
STU0268,CE102,A,2
STU0268,CE201,O,3
STU0268,CE202,B+,4
STU0268,CE301,O,5
STU0268,CE302,B,6
STU0269,CE101,A+,1
STU0269,CE102,B+,2
STU0269,CE201,C,3
STU0269,CE202,B+,4
STU0269,CE301,B+,5
STU0269,CE302,A,6
STU0270,ME101,A,1
STU0270,ME102,B+,2
STU0270,ME201,F,3
STU0270,ME202,B+,4
STU0270,ME301,B+,5
STU0270,ME302,B,6
STU0271,EEE101,A,1
STU0271,EEE102,O,2
STU0271,EEE201,B+,3
STU0271,EEE202,F,4
STU0271,EEE301,A+,5
STU0271,EEE302,B+,6
STU0272,EEE101,A+,1
STU0272,EEE102,B+,2
STU0272,EEE201,O,3
STU0272,EEE202,A,4
STU0272,EEE301,B,5
STU0272,EEE302,A,6
STU0273,ECE101,B+,1
STU0273,ECE102,B,2
STU0273,ECE201,C,3
STU0273,ECE202,A+,4
STU0273,ECE301,A,5
STU0273,ECE302,A+,6
STU0274,CE101,F,1
STU0274,CE102,C,2
STU0274,CE201,B+,3
STU0274,CE202,B,4
STU0274,CE301,B+,5
STU0274,CE302,B+,6
STU0275,ME101,O,1
STU0275,ME102,B,2
STU0275,ME201,A+,3
STU0275,ME202,B,4
STU0275,ME301,B,5
STU0275,ME302,B,6
STU0276,CE101,O,1
STU0276,CE102,A,2
STU0276,CE201,A,3
STU0276,CE202,A,4
STU0276,CE301,O,5
STU0276,CE302,C,6
STU0277,CSE101,B+,1
STU0277,CSE102,A,2
STU0277,CSE201,A,3
STU0277,CSE202,A,4
STU0277,CSE301,B+,5
STU0277,CSE302,B+,6
STU0278,ECE101,C,1
STU0278,ECE102,A,2
STU0278,ECE201,F,3
STU0278,ECE202,C,4
STU0278,ECE301,A+,5
STU0278,ECE302,C,6
STU0279,EEE101,A+,1
STU0279,EEE102,B,2
STU0279,EEE201,A,3
STU0279,EEE202,C,4
STU0279,EEE301,C,5
STU0279,EEE302,B,6
STU0280,CSE101,B,1
STU0280,CSE102,A,2
STU0280,CSE201,O,3
STU0280,CSE202,A,4
STU0280,CSE301,A+,5
STU0280,CSE302,B+,6
STU0281,ECE101,A,1
STU0281,ECE102,F,2
STU0281,ECE201,B+,3
STU0281,ECE202,B,4
STU0281,ECE301,A+,5
STU0281,ECE302,C,6
STU0282,EEE101,C,1
STU0282,EEE102,A,2
STU0282,EEE201,B+,3
STU0282,EEE202,B,4
STU0282,EEE301,A+,5
STU0282,EEE302,B+,6
STU0283,CE101,A,1
STU0283,CE102,A+,2
STU0283,CE201,A,3
STU0283,CE202,O,4
STU0283,CE301,O,5
STU0283,CE302,A+,6
STU0284,CE101,F,1
STU0284,CE102,B+,2
STU0284,CE201,F,3
STU0284,CE202,A,4
STU0284,CE301,A,5
STU0284,CE302,B+,6
STU0285,ECE101,A,1
STU0285,ECE102,A+,2
STU0285,ECE201,B+,3
STU0285,ECE202,A+,4
STU0285,ECE301,B+,5
STU0285,ECE302,B+,6
STU0286,CSE101,A+,1
STU0286,CSE102,O,2
STU0286,CSE201,B,3
STU0286,CSE202,A,4
STU0286,CSE301,O,5
STU0286,CSE302,F,6
STU0287,ME101,O,1
STU0287,ME102,B+,2
STU0287,ME201,F,3
STU0287,ME202,A+,4
STU0287,ME301,A+,5
STU0287,ME302,A+,6
STU0288,CSE101,A,1
STU0288,CSE102,A+,2
STU0288,CSE201,B+,3
STU0288,CSE202,O,4
STU0288,CSE301,B+,5
STU0288,CSE302,F,6
STU0289,EEE101,B,1
STU0289,EEE102,B+,2
STU0289,EEE201,A,3
STU0289,EEE202,B+,4
STU0289,EEE301,B+,5
STU0289,EEE302,A,6
STU0290,ECE101,A+,1
STU0290,ECE102,C,2
STU0290,ECE201,A,3
STU0290,ECE202,A+,4
STU0290,ECE301,A,5
STU0290,ECE302,A,6
STU0291,ME101,B,1
STU0291,ME102,B,2
STU0291,ME201,B,3
STU0291,ME202,O,4
STU0291,ME301,A,5
STU0291,ME302,A,6
STU0292,CE101,O,1
STU0292,CE102,A,2
STU0292,CE201,B,3
STU0292,CE202,A+,4
STU0292,CE301,B+,5
STU0292,CE302,A+,6
STU0293,ECE101,O,1
STU0293,ECE102,A+,2
STU0293,ECE201,F,3
STU0293,ECE202,B,4
STU0293,ECE301,F,5
STU0293,ECE302,A,6
STU0294,CE101,A+,1
STU0294,CE102,B+,2
STU0294,CE201,A,3
STU0294,CE202,B,4
STU0294,CE301,O,5
STU0294,CE302,A,6
STU0295,CE101,A+,1
STU0295,CE102,A,2
STU0295,CE201,B,3
STU0295,CE202,A,4
STU0295,CE301,A,5
STU0295,CE302,A,6
STU0296,CE101,A,1
STU0296,CE102,B,2
STU0296,CE201,C,3
STU0296,CE202,F,4
STU0296,CE301,B,5
STU0296,CE302,A,6
STU0297,EEE101,B+,1
STU0297,EEE102,A,2
STU0297,EEE201,A,3
STU0297,EEE202,B,4
STU0297,EEE301,O,5
STU0297,EEE302,C,6
STU0298,CSE101,A,1
STU0298,CSE102,B+,2
STU0298,CSE201,B+,3
STU0298,CSE202,C,4
STU0298,CSE301,B+,5
STU0298,CSE302,B+,6
STU0299,CSE101,O,1
STU0299,CSE102,B+,2
STU0299,CSE201,A+,3
STU0299,CSE202,B,4
STU0299,CSE301,B+,5
STU0299,CSE302,B+,6
STU0300,CSE101,O,1
STU0300,CSE102,O,2
STU0300,CSE201,B,3
STU0300,CSE202,O,4
STU0300,CSE301,O,5
STU0300,CSE302,O,6
STU0301,ECE101,F,1
STU0301,ECE102,B,2
STU0301,ECE201,A,3
STU0301,ECE202,A,4
STU0301,ECE301,A,5
STU0301,ECE302,B,6
STU0302,ME101,B+,1
STU0302,ME102,A+,2
STU0302,ME201,A+,3
STU0302,ME202,O,4
STU0302,ME301,B+,5
STU0302,ME302,B,6
STU0303,CSE101,A,1
STU0303,CSE102,O,2
STU0303,CSE201,O,3
STU0303,CSE202,F,4
STU0303,CSE301,A,5
STU0303,CSE302,B,6
STU0304,ME101,B+,1
STU0304,ME102,A,2
STU0304,ME201,A+,3
STU0304,ME202,A+,4
STU0304,ME301,B+,5
STU0304,ME302,B,6
STU0305,EEE101,B+,1
STU0305,EEE102,B+,2
STU0305,EEE201,O,3
STU0305,EEE202,F,4
STU0305,EEE301,B,5
STU0305,EEE302,A,6
STU0306,ECE101,F,1
STU0306,ECE102,B+,2
STU0306,ECE201,B+,3
STU0306,ECE202,B,4
STU0306,ECE301,B,5
STU0306,ECE302,B+,6
STU0307,ECE101,A+,1
STU0307,ECE102,A,2
STU0307,ECE201,C,3
STU0307,ECE202,A+,4
STU0307,ECE301,A,5
STU0307,ECE302,A,6
STU0308,CSE101,A,1
STU0308,CSE102,B+,2
STU0308,CSE201,C,3
STU0308,CSE202,A+,4
STU0308,CSE301,A+,5
STU0308,CSE302,A+,6
STU0309,CE101,C,1
STU0309,CE102,B+,2
STU0309,CE201,A,3
STU0309,CE202,B,4
STU0309,CE301,C,5
STU0309,CE302,B,6
STU0310,CSE101,C,1
STU0310,CSE102,A,2
STU0310,CSE201,B,3
STU0310,CSE202,A,4
STU0310,CSE301,B,5
STU0310,CSE302,B,6
STU0311,ME101,B,1
STU0311,ME102,B+,2
STU0311,ME201,A+,3
STU0311,ME202,B+,4
STU0311,ME301,F,5
STU0311,ME302,C,6
STU0312,ECE101,O,1
STU0312,ECE102,A+,2
STU0312,ECE201,A+,3
STU0312,ECE202,B,4
STU0312,ECE301,B,5
STU0312,ECE302,A+,6
STU0313,EEE101,B+,1
STU0313,EEE102,B,2
STU0313,EEE201,B,3
STU0313,EEE202,B+,4
STU0313,EEE301,B+,5
STU0313,EEE302,B+,6
STU0314,ECE101,A,1
STU0314,ECE102,B+,2
STU0314,ECE201,B+,3
STU0314,ECE202,C,4
STU0314,ECE301,B+,5
STU0314,ECE302,B,6
STU0315,EEE101,A+,1
STU0315,EEE102,A,2
STU0315,EEE201,O,3
STU0315,EEE202,A+,4
STU0315,EEE301,B,5
STU0315,EEE302,F,6
STU0316,EEE101,O,1
STU0316,EEE102,A,2
STU0316,EEE201,B,3
STU0316,EEE202,A+,4
STU0316,EEE301,B+,5
STU0316,EEE302,B,6
STU0317,ME101,B+,1
STU0317,ME102,A+,2
STU0317,ME201,A,3
STU0317,ME202,B,4
STU0317,ME301,B+,5
STU0317,ME302,O,6
STU0318,CE101,B,1
STU0318,CE102,O,2
STU0318,CE201,B,3
STU0318,CE202,A+,4
STU0318,CE301,F,5
STU0318,CE302,A,6
STU0319,CSE101,A,1
STU0319,CSE102,A+,2
STU0319,CSE201,A,3
STU0319,CSE202,C,4
STU0319,CSE301,F,5
STU0319,CSE302,A,6
STU0320,EEE101,A,1
STU0320,EEE102,B,2
STU0320,EEE201,C,3
STU0320,EEE202,B+,4
STU0320,EEE301,A,5
STU0320,EEE302,A,6
STU0321,ME101,B+,1
STU0321,ME102,O,2
STU0321,ME201,B+,3
STU0321,ME202,A,4
STU0321,ME301,B,5
STU0321,ME302,O,6
STU0322,ECE101,B+,1
STU0322,ECE102,A,2
STU0322,ECE201,B+,3
STU0322,ECE202,O,4
STU0322,ECE301,B+,5
STU0322,ECE302,B+,6
STU0323,CSE101,B+,1
STU0323,CSE102,B+,2
STU0323,CSE201,B+,3
STU0323,CSE202,B,4
STU0323,CSE301,A,5
STU0323,CSE302,B,6
STU0324,EEE101,A,1
STU0324,EEE102,O,2
STU0324,EEE201,O,3
STU0324,EEE202,A,4
STU0324,EEE301,B,5
STU0324,EEE302,B,6
STU0325,CSE101,B,1
STU0325,CSE102,B+,2
STU0325,CSE201,A,3
STU0325,CSE202,A+,4
STU0325,CSE301,A,5
STU0325,CSE302,A,6
STU0326,ME101,O,1
STU0326,ME102,A+,2
STU0326,ME201,B+,3
STU0326,ME202,B,4
STU0326,ME301,F,5
STU0326,ME302,C,6
STU0327,EEE101,B+,1
STU0327,EEE102,A,2
STU0327,EEE201,B+,3
STU0327,EEE202,B,4
STU0327,EEE301,A+,5
STU0327,EEE302,A,6
STU0328,ECE101,B,1
STU0328,ECE102,A,2
STU0328,ECE201,B+,3
STU0328,ECE202,B+,4
STU0328,ECE301,A+,5
STU0328,ECE302,A,6
STU0329,ECE101,A,1
STU0329,ECE102,O,2
STU0329,ECE201,O,3
STU0329,ECE202,B,4
STU0329,ECE301,A,5
STU0329,ECE302,B+,6
STU0330,ECE101,A,1
STU0330,ECE102,C,2
STU0330,ECE201,A,3
STU0330,ECE202,A,4
STU0330,ECE301,C,5
STU0330,ECE302,B,6
STU0331,ME101,A+,1
STU0331,ME102,B,2
STU0331,ME201,A,3
STU0331,ME202,A,4
STU0331,ME301,A+,5
STU0331,ME302,O,6
STU0332,EEE101,B,1
STU0332,EEE102,A,2
STU0332,EEE201,A,3
STU0332,EEE202,B,4
STU0332,EEE301,B,5
STU0332,EEE302,A+,6
STU0333,CSE101,B+,1
STU0333,CSE102,A+,2
STU0333,CSE201,B,3
STU0333,CSE202,B+,4
STU0333,CSE301,F,5
STU0333,CSE302,O,6
STU0334,CE101,O,1
STU0334,CE102,A,2
STU0334,CE201,A,3
STU0334,CE202,A+,4
STU0334,CE301,C,5
STU0334,CE302,A+,6
STU0335,EEE101,A,1
STU0335,EEE102,B,2
STU0335,EEE201,A,3
STU0335,EEE202,B,4
STU0335,EEE301,O,5
STU0335,EEE302,A,6
STU0336,EEE101,O,1
STU0336,EEE102,O,2
STU0336,EEE201,C,3
STU0336,EEE202,A+,4
STU0336,EEE301,B+,5
STU0336,EEE302,A,6
STU0337,ECE101,A,1
STU0337,ECE102,C,2
STU0337,ECE201,O,3
STU0337,ECE202,B+,4
STU0337,ECE301,F,5
STU0337,ECE302,B+,6
STU0338,ME101,C,1
STU0338,ME102,O,2
STU0338,ME201,A,3
STU0338,ME202,A,4
STU0338,ME301,B,5
STU0338,ME302,F,6
STU0339,CSE101,A,1
STU0339,CSE102,B+,2
STU0339,CSE201,A+,3
STU0339,CSE202,B+,4
STU0339,CSE301,A,5
STU0339,CSE302,F,6
STU0340,ECE101,B+,1
STU0340,ECE102,A,2
STU0340,ECE201,A+,3
STU0340,ECE202,A+,4
STU0340,ECE301,A+,5
STU0340,ECE302,A,6
STU0341,CE101,C,1
STU0341,CE102,B+,2
STU0341,CE201,B+,3
STU0341,CE202,A+,4
STU0341,CE301,C,5
STU0341,CE302,B,6
STU0342,CSE101,O,1
STU0342,CSE102,B,2
STU0342,CSE201,B+,3
STU0342,CSE202,O,4
STU0342,CSE301,A,5
STU0342,CSE302,A,6
STU0343,ME101,A+,1
STU0343,ME102,C,2
STU0343,ME201,B,3
STU0343,ME202,B+,4
STU0343,ME301,A,5
STU0343,ME302,A,6
STU0344,ME101,B+,1
STU0344,ME102,B+,2
STU0344,ME201,O,3
STU0344,ME202,B+,4
STU0344,ME301,B,5
STU0344,ME302,A,6
STU0345,EEE101,O,1
STU0345,EEE102,B,2
STU0345,EEE201,A+,3
STU0345,EEE202,A,4
STU0345,EEE301,A+,5
STU0345,EEE302,A,6
STU0346,CSE101,B,1
STU0346,CSE102,B+,2
STU0346,CSE201,A+,3
STU0346,CSE202,C,4
STU0346,CSE301,C,5
STU0346,CSE302,C,6
STU0347,CSE101,A+,1
STU0347,CSE102,A,2
STU0347,CSE201,F,3
STU0347,CSE202,B,4
STU0347,CSE301,O,5
STU0347,CSE302,O,6
STU0348,EEE101,A,1
STU0348,EEE102,C,2
STU0348,EEE201,B+,3
STU0348,EEE202,A,4
STU0348,EEE301,A+,5
STU0348,EEE302,B+,6
STU0349,CE101,B,1
STU0349,CE102,A,2
STU0349,CE201,B,3
STU0349,CE202,F,4
STU0349,CE301,A+,5
STU0349,CE302,B+,6
STU0350,CE101,A,1
STU0350,CE102,B,2
STU0350,CE201,B+,3
STU0350,CE202,B+,4
STU0350,CE301,B,5
STU0350,CE302,A,6
STU0351,CSE101,C,1
STU0351,CSE102,B+,2
STU0351,CSE201,A+,3
STU0351,CSE202,B+,4
STU0351,CSE301,B,5
STU0351,CSE302,A,6
STU0352,CSE101,C,1
STU0352,CSE102,C,2
STU0352,CSE201,A,3
STU0352,CSE202,F,4
STU0352,CSE301,A+,5
STU0352,CSE302,A+,6
STU0353,CE101,A+,1
STU0353,CE102,C,2
STU0353,CE201,B+,3
STU0353,CE202,A+,4
STU0353,CE301,A,5
STU0353,CE302,B+,6
STU0354,EEE101,O,1
STU0354,EEE102,C,2
STU0354,EEE201,B,3
STU0354,EEE202,B+,4
STU0354,EEE301,F,5
STU0354,EEE302,A,6
STU0355,CE101,F,1
STU0355,CE102,B+,2
STU0355,CE201,B+,3
STU0355,CE202,A+,4
STU0355,CE301,C,5
STU0355,CE302,A,6
STU0356,EEE101,A+,1
STU0356,EEE102,O,2
STU0356,EEE201,B+,3
STU0356,EEE202,B+,4
STU0356,EEE301,B,5
STU0356,EEE302,C,6
STU0357,CSE101,O,1
STU0357,CSE102,B,2
STU0357,CSE201,A+,3
STU0357,CSE202,C,4
STU0357,CSE301,B,5
STU0357,CSE302,B+,6
STU0358,CE101,B,1
STU0358,CE102,A,2
STU0358,CE201,A,3
STU0358,CE202,B,4
STU0358,CE301,A,5
STU0358,CE302,A,6
STU0359,ME101,A,1
STU0359,ME102,B,2
STU0359,ME201,A,3
STU0359,ME202,A+,4
STU0359,ME301,B,5
STU0359,ME302,B,6
STU0360,EEE101,A+,1
STU0360,EEE102,A+,2
STU0360,EEE201,A+,3
STU0360,EEE202,A,4
STU0360,EEE301,A,5
STU0360,EEE302,B,6
STU0361,CSE101,B+,1
STU0361,CSE102,B+,2
STU0361,CSE201,A,3
STU0361,CSE202,B,4
STU0361,CSE301,A,5
STU0361,CSE302,F,6
STU0362,CSE101,B+,1
STU0362,CSE102,A+,2
STU0362,CSE201,B+,3
STU0362,CSE202,A,4
STU0362,CSE301,B+,5
STU0362,CSE302,O,6
STU0363,CSE101,A+,1
STU0363,CSE102,C,2
STU0363,CSE201,A+,3
STU0363,CSE202,B,4
STU0363,CSE301,A,5
STU0363,CSE302,B+,6
STU0364,CSE101,B+,1
STU0364,CSE102,B+,2
STU0364,CSE201,A,3
STU0364,CSE202,A+,4
STU0364,CSE301,O,5
STU0364,CSE302,A,6
STU0365,ECE101,B+,1
STU0365,ECE102,C,2
STU0365,ECE201,C,3
STU0365,ECE202,B,4
STU0365,ECE301,B,5
STU0365,ECE302,B+,6
STU0366,CSE101,A,1
STU0366,CSE102,C,2
STU0366,CSE201,B+,3
STU0366,CSE202,B+,4
STU0366,CSE301,A+,5
STU0366,CSE302,A,6
STU0367,EEE101,A,1
STU0367,EEE102,C,2
STU0367,EEE201,B+,3
STU0367,EEE202,A,4
STU0367,EEE301,F,5
STU0367,EEE302,A+,6
STU0368,ME101,A,1
STU0368,ME102,O,2
STU0368,ME201,B,3
STU0368,ME202,C,4
STU0368,ME301,A,5
STU0368,ME302,C,6
STU0369,ME101,A,1
STU0369,ME102,C,2
STU0369,ME201,B,3
STU0369,ME202,B,4
STU0369,ME301,O,5
STU0369,ME302,F,6
STU0370,ECE101,B,1
STU0370,ECE102,A,2
STU0370,ECE201,B,3
STU0370,ECE202,A,4
STU0370,ECE301,C,5
STU0370,ECE302,A+,6
STU0371,CSE101,B,1
STU0371,CSE102,B+,2
STU0371,CSE201,O,3
STU0371,CSE202,A+,4
STU0371,CSE301,O,5
STU0371,CSE302,A,6
STU0372,ECE101,A,1
STU0372,ECE102,B+,2
STU0372,ECE201,A,3
STU0372,ECE202,A,4
STU0372,ECE301,B,5
STU0372,ECE302,O,6
STU0373,EEE101,C,1
STU0373,EEE102,C,2
STU0373,EEE201,B+,3
STU0373,EEE202,B+,4
STU0373,EEE301,C,5
STU0373,EEE302,A+,6
STU0374,ME101,O,1
STU0374,ME102,A+,2
STU0374,ME201,B,3
STU0374,ME202,O,4
STU0374,ME301,B+,5
STU0374,ME302,F,6
STU0375,EEE101,C,1
STU0375,EEE102,B+,2
STU0375,EEE201,O,3
STU0375,EEE202,B,4
STU0375,EEE301,B+,5
STU0375,EEE302,A+,6
STU0376,CE101,O,1
STU0376,CE102,C,2
STU0376,CE201,B+,3
STU0376,CE202,B,4
STU0376,CE301,C,5
STU0376,CE302,B+,6
STU0377,EEE101,B+,1
STU0377,EEE102,A,2
STU0377,EEE201,A,3
STU0377,EEE202,A,4
STU0377,EEE301,B,5
STU0377,EEE302,B+,6
STU0378,EEE101,C,1
STU0378,EEE102,A,2
STU0378,EEE201,B+,3
STU0378,EEE202,B+,4
STU0378,EEE301,B+,5
STU0378,EEE302,B,6
STU0379,EEE101,A+,1
STU0379,EEE102,B+,2
STU0379,EEE201,A+,3
STU0379,EEE202,A,4
STU0379,EEE301,A,5
STU0379,EEE302,B+,6
STU0380,CSE101,F,1
STU0380,CSE102,B+,2
STU0380,CSE201,B,3
STU0380,CSE202,B+,4
STU0380,CSE301,B+,5
STU0380,CSE302,O,6
STU0381,CE101,A,1
STU0381,CE102,A,2
STU0381,CE201,A,3
STU0381,CE202,O,4
STU0381,CE301,A+,5
STU0381,CE302,A,6
STU0382,CE101,F,1
STU0382,CE102,A,2
STU0382,CE201,A,3
STU0382,CE202,A+,4
STU0382,CE301,B+,5
STU0382,CE302,A,6
STU0383,ME101,A+,1
STU0383,ME102,B+,2
STU0383,ME201,O,3
STU0383,ME202,O,4
STU0383,ME301,A+,5
STU0383,ME302,O,6
STU0384,ECE101,A+,1
STU0384,ECE102,A,2
STU0384,ECE201,B,3
STU0384,ECE202,B+,4
STU0384,ECE301,B+,5
STU0384,ECE302,A,6
STU0385,CE101,C,1
STU0385,CE102,A,2
STU0385,CE201,O,3
STU0385,CE202,B+,4
STU0385,CE301,A+,5
STU0385,CE302,A,6
STU0386,CE101,B+,1
STU0386,CE102,C,2
STU0386,CE201,A,3
STU0386,CE202,B,4
STU0386,CE301,F,5
STU0386,CE302,A+,6
STU0387,CSE101,A,1
STU0387,CSE102,A,2
STU0387,CSE201,A,3
STU0387,CSE202,A,4
STU0387,CSE301,C,5
STU0387,CSE302,B,6
STU0388,EEE101,B+,1
STU0388,EEE102,A,2
STU0388,EEE201,B,3
STU0388,EEE202,F,4
STU0388,EEE301,B,5
STU0388,EEE302,O,6
STU0389,CE101,B+,1
STU0389,CE102,O,2
STU0389,CE201,A,3
STU0389,CE202,O,4
STU0389,CE301,B+,5
STU0389,CE302,B+,6
STU0390,CE101,A+,1
STU0390,CE102,A,2
STU0390,CE201,A,3
STU0390,CE202,A,4
STU0390,CE301,A+,5
STU0390,CE302,A,6
STU0391,CE101,B,1
STU0391,CE102,O,2
STU0391,CE201,O,3
STU0391,CE202,A,4
STU0391,CE301,C,5
STU0391,CE302,B+,6
STU0392,ME101,B+,1
STU0392,ME102,A,2
STU0392,ME201,B+,3
STU0392,ME202,O,4
STU0392,ME301,B+,5
STU0392,ME302,C,6
STU0393,ME101,B+,1
STU0393,ME102,C,2
STU0393,ME201,B,3
STU0393,ME202,A+,4
STU0393,ME301,C,5
STU0393,ME302,O,6
STU0394,CSE101,B+,1
STU0394,CSE102,A+,2
STU0394,CSE201,O,3
STU0394,CSE202,A,4
STU0394,CSE301,A,5
STU0394,CSE302,A,6
STU0395,CSE101,B+,1
STU0395,CSE102,O,2
STU0395,CSE201,A+,3
STU0395,CSE202,B+,4
STU0395,CSE301,A,5
STU0395,CSE302,B,6
STU0396,ECE101,B+,1
STU0396,ECE102,B,2
STU0396,ECE201,B+,3
STU0396,ECE202,A,4
STU0396,ECE301,B+,5
STU0396,ECE302,A,6
STU0397,CSE101,A,1
STU0397,CSE102,B,2
STU0397,CSE201,A,3
STU0397,CSE202,B,4
STU0397,CSE301,B,5
STU0397,CSE302,C,6
STU0398,CSE101,C,1
STU0398,CSE102,A,2
STU0398,CSE201,A,3
STU0398,CSE202,B+,4
STU0398,CSE301,A,5
STU0398,CSE302,B+,6
STU0399,ME101,B,1
STU0399,ME102,B+,2
STU0399,ME201,A,3
STU0399,ME202,A+,4
STU0399,ME301,A,5
STU0399,ME302,A+,6
STU0400,ECE101,C,1
STU0400,ECE102,A,2
STU0400,ECE201,A+,3
STU0400,ECE202,O,4
STU0400,ECE301,B+,5
STU0400,ECE302,B+,6
STU0401,CSE101,A,1
STU0401,CSE102,O,2
STU0401,CSE201,A,3
STU0401,CSE202,A,4
STU0401,CSE301,B+,5
STU0401,CSE302,B+,6
STU0402,CSE101,A,1
STU0402,CSE102,A+,2
STU0402,CSE201,F,3
STU0402,CSE202,A,4
STU0402,CSE301,B+,5
STU0402,CSE302,A+,6
STU0403,CE101,A,1
STU0403,CE102,O,2
STU0403,CE201,B+,3
STU0403,CE202,F,4
STU0403,CE301,A,5
STU0403,CE302,O,6
STU0404,EEE101,O,1
STU0404,EEE102,A,2
STU0404,EEE201,A+,3
STU0404,EEE202,O,4
STU0404,EEE301,B,5
STU0404,EEE302,A,6
STU0405,CSE101,A,1
STU0405,CSE102,C,2
STU0405,CSE201,A+,3
STU0405,CSE202,F,4
STU0405,CSE301,A,5
STU0405,CSE302,C,6
STU0406,ME101,B+,1
STU0406,ME102,B,2
STU0406,ME201,F,3
STU0406,ME202,A,4
STU0406,ME301,F,5
STU0406,ME302,A,6
STU0407,ECE101,A,1
STU0407,ECE102,A,2
STU0407,ECE201,B+,3
STU0407,ECE202,A+,4
STU0407,ECE301,B+,5
STU0407,ECE302,B+,6
STU0408,CSE101,B,1
STU0408,CSE102,B,2
STU0408,CSE201,A,3
STU0408,CSE202,A,4
STU0408,CSE301,A,5
STU0408,CSE302,A+,6
STU0409,CSE101,O,1
STU0409,CSE102,A,2
STU0409,CSE201,A,3
STU0409,CSE202,F,4
STU0409,CSE301,B+,5
STU0409,CSE302,A,6
STU0410,CE101,B+,1
STU0410,CE102,A+,2
STU0410,CE201,A,3
STU0410,CE202,B+,4
STU0410,CE301,A,5
STU0410,CE302,A,6
STU0411,ECE101,F,1
STU0411,ECE102,C,2
STU0411,ECE201,B+,3
STU0411,ECE202,B+,4
STU0411,ECE301,B+,5
STU0411,ECE302,A+,6
STU0412,EEE101,A,1
STU0412,EEE102,O,2
STU0412,EEE201,A,3
STU0412,EEE202,B+,4
STU0412,EEE301,A+,5
STU0412,EEE302,F,6
STU0413,ECE101,C,1
STU0413,ECE102,B,2
STU0413,ECE201,B+,3
STU0413,ECE202,C,4
STU0413,ECE301,A+,5
STU0413,ECE302,B,6
STU0414,CSE101,A+,1
STU0414,CSE102,B,2
STU0414,CSE201,A,3
STU0414,CSE202,C,4
STU0414,CSE301,C,5
STU0414,CSE302,A+,6
STU0415,CE101,A,1
STU0415,CE102,F,2
STU0415,CE201,A,3
STU0415,CE202,C,4
STU0415,CE301,B+,5
STU0415,CE302,A,6
STU0416,ME101,A,1
STU0416,ME102,A+,2
STU0416,ME201,B,3
STU0416,ME202,A,4
STU0416,ME301,B+,5
STU0416,ME302,A,6
STU0417,ME101,B+,1
STU0417,ME102,C,2
STU0417,ME201,F,3
STU0417,ME202,A,4
STU0417,ME301,B,5
STU0417,ME302,B,6
STU0418,EEE101,B+,1
STU0418,EEE102,F,2
STU0418,EEE201,A+,3
STU0418,EEE202,A+,4
STU0418,EEE301,C,5
STU0418,EEE302,A,6
STU0419,CSE101,B,1
STU0419,CSE102,C,2
STU0419,CSE201,O,3
STU0419,CSE202,C,4
STU0419,CSE301,A,5
STU0419,CSE302,B+,6
STU0420,CSE101,B+,1
STU0420,CSE102,C,2
STU0420,CSE201,O,3
STU0420,CSE202,A,4
STU0420,CSE301,B+,5
STU0420,CSE302,B,6
STU0421,ECE101,B+,1
STU0421,ECE102,A+,2
STU0421,ECE201,A,3
STU0421,ECE202,A,4
STU0421,ECE301,B,5
STU0421,ECE302,A,6
STU0422,ME101,A+,1
STU0422,ME102,F,2
STU0422,ME201,O,3
STU0422,ME202,F,4
STU0422,ME301,B+,5
STU0422,ME302,B,6
STU0423,CE101,A,1
STU0423,CE102,O,2
STU0423,CE201,B,3
STU0423,CE202,B,4
STU0423,CE301,B,5
STU0423,CE302,A+,6
STU0424,EEE101,B,1
STU0424,EEE102,B,2
STU0424,EEE201,B+,3
STU0424,EEE202,B,4
STU0424,EEE301,B,5
STU0424,EEE302,B+,6
STU0425,CSE101,O,1
STU0425,CSE102,A,2
STU0425,CSE201,O,3
STU0425,CSE202,A,4
STU0425,CSE301,A,5
STU0425,CSE302,O,6
STU0426,CE101,A,1
STU0426,CE102,A+,2
STU0426,CE201,B,3
STU0426,CE202,C,4
STU0426,CE301,O,5
STU0426,CE302,F,6
STU0427,ME101,B+,1
STU0427,ME102,A,2
STU0427,ME201,O,3
STU0427,ME202,B+,4
STU0427,ME301,B,5
STU0427,ME302,B,6
STU0428,CE101,O,1
STU0428,CE102,O,2
STU0428,CE201,A,3
STU0428,CE202,A,4
STU0428,CE301,A+,5
STU0428,CE302,A,6
STU0429,CSE101,B,1
STU0429,CSE102,C,2
STU0429,CSE201,A,3
STU0429,CSE202,C,4
STU0429,CSE301,A,5
STU0429,CSE302,A,6
STU0430,EEE101,A+,1
STU0430,EEE102,B+,2
STU0430,EEE201,F,3
STU0430,EEE202,B+,4
STU0430,EEE301,A,5
STU0430,EEE302,B+,6
STU0431,CSE101,A+,1
STU0431,CSE102,C,2
STU0431,CSE201,B+,3
STU0431,CSE202,A,4
STU0431,CSE301,B+,5
STU0431,CSE302,B+,6
STU0432,ECE101,O,1
STU0432,ECE102,B+,2
STU0432,ECE201,A+,3
STU0432,ECE202,B,4
STU0432,ECE301,B,5
STU0432,ECE302,B,6
STU0433,EEE101,B+,1
STU0433,EEE102,B+,2
STU0433,EEE201,A+,3
STU0433,EEE202,B,4
STU0433,EEE301,A,5
STU0433,EEE302,A,6
STU0434,ME101,A,1
STU0434,ME102,A+,2
STU0434,ME201,B+,3
STU0434,ME202,O,4
STU0434,ME301,B,5
STU0434,ME302,A,6
STU0435,CSE101,O,1
STU0435,CSE102,B+,2
STU0435,CSE201,O,3
STU0435,CSE202,A,4
STU0435,CSE301,B,5
STU0435,CSE302,O,6
STU0436,EEE101,B,1
STU0436,EEE102,O,2
STU0436,EEE201,A+,3
STU0436,EEE202,B,4
STU0436,EEE301,A,5
STU0436,EEE302,A+,6
STU0437,ME101,A,1
STU0437,ME102,A,2
STU0437,ME201,B,3
STU0437,ME202,A,4
STU0437,ME301,B,5
STU0437,ME302,C,6
STU0438,ECE101,A,1
STU0438,ECE102,C,2
STU0438,ECE201,A,3
STU0438,ECE202,F,4
STU0438,ECE301,O,5
STU0438,ECE302,B+,6
STU0439,ECE101,A,1
STU0439,ECE102,A,2
STU0439,ECE201,B+,3
STU0439,ECE202,B,4
STU0439,ECE301,O,5
STU0439,ECE302,A+,6
STU0440,CSE101,B,1
STU0440,CSE102,B+,2
STU0440,CSE201,F,3
STU0440,CSE202,B,4
STU0440,CSE301,F,5
STU0440,CSE302,B,6
STU0441,CE101,A,1
STU0441,CE102,A+,2
STU0441,CE201,B,3
STU0441,CE202,B+,4
STU0441,CE301,O,5
STU0441,CE302,A,6
STU0442,EEE101,F,1
STU0442,EEE102,B+,2
STU0442,EEE201,A,3
STU0442,EEE202,A,4
STU0442,EEE301,A+,5
STU0442,EEE302,A,6
STU0443,ME101,A,1
STU0443,ME102,O,2
STU0443,ME201,B,3
STU0443,ME202,A,4
STU0443,ME301,B,5
STU0443,ME302,C,6
STU0444,CE101,A+,1
STU0444,CE102,B+,2
STU0444,CE201,A,3
STU0444,CE202,C,4
STU0444,CE301,A+,5
STU0444,CE302,B+,6
STU0445,ME101,B+,1
STU0445,ME102,A,2
STU0445,ME201,A+,3
STU0445,ME202,B+,4
STU0445,ME301,B,5
STU0445,ME302,A,6
STU0446,EEE101,B+,1
STU0446,EEE102,A,2
STU0446,EEE201,B,3
STU0446,EEE202,A+,4
STU0446,EEE301,C,5
STU0446,EEE302,A,6
STU0447,CE101,A,1
STU0447,CE102,O,2
STU0447,CE201,A+,3
STU0447,CE202,B+,4
STU0447,CE301,A,5
STU0447,CE302,B,6
STU0448,ME101,O,1
STU0448,ME102,A,2
STU0448,ME201,A,3
STU0448,ME202,O,4
STU0448,ME301,A+,5
STU0448,ME302,A,6
STU0449,EEE101,A,1
STU0449,EEE102,A,2
STU0449,EEE201,B+,3
STU0449,EEE202,B+,4
STU0449,EEE301,O,5
STU0449,EEE302,A,6
STU0450,CE101,F,1
STU0450,CE102,B+,2
STU0450,CE201,B+,3
STU0450,CE202,A,4
STU0450,CE301,B,5
STU0450,CE302,B,6
STU0451,CE101,B+,1
STU0451,CE102,F,2
STU0451,CE201,A+,3
STU0451,CE202,O,4
STU0451,CE301,B,5
STU0451,CE302,B,6
STU0452,ME101,A+,1
STU0452,ME102,A,2
STU0452,ME201,O,3
STU0452,ME202,A,4
STU0452,ME301,B,5
STU0452,ME302,B+,6
STU0453,CSE101,A,1
STU0453,CSE102,A,2
STU0453,CSE201,O,3
STU0453,CSE202,A,4
STU0453,CSE301,B+,5
STU0453,CSE302,F,6
STU0454,CSE101,B,1
STU0454,CSE102,O,2
STU0454,CSE201,C,3
STU0454,CSE202,B,4
STU0454,CSE301,B,5
STU0454,CSE302,A,6
STU0455,CSE101,A,1
STU0455,CSE102,A,2
STU0455,CSE201,O,3
STU0455,CSE202,A+,4
STU0455,CSE301,A+,5
STU0455,CSE302,A,6
STU0456,CE101,B,1
STU0456,CE102,A,2
STU0456,CE201,O,3
STU0456,CE202,F,4
STU0456,CE301,C,5
STU0456,CE302,B,6
STU0457,ME101,F,1
STU0457,ME102,B+,2
STU0457,ME201,F,3
STU0457,ME202,O,4
STU0457,ME301,A,5
STU0457,ME302,A+,6
STU0458,CE101,A+,1
STU0458,CE102,A+,2
STU0458,CE201,B+,3
STU0458,CE202,B,4
STU0458,CE301,B+,5
STU0458,CE302,A+,6
STU0459,EEE101,B,1
STU0459,EEE102,B+,2
STU0459,EEE201,A,3
STU0459,EEE202,B+,4
STU0459,EEE301,A,5
STU0459,EEE302,A,6
STU0460,CSE101,C,1
STU0460,CSE102,A,2
STU0460,CSE201,A,3
STU0460,CSE202,C,4
STU0460,CSE301,B,5
STU0460,CSE302,O,6
STU0461,ME101,A+,1
STU0461,ME102,O,2
STU0461,ME201,B+,3
STU0461,ME202,A,4
STU0461,ME301,A+,5
STU0461,ME302,F,6
STU0462,ME101,B+,1
STU0462,ME102,A+,2
STU0462,ME201,B+,3
STU0462,ME202,B+,4
STU0462,ME301,O,5
STU0462,ME302,A,6
STU0463,ME101,B,1
STU0463,ME102,A,2
STU0463,ME201,B+,3
STU0463,ME202,A,4
STU0463,ME301,O,5
STU0463,ME302,A+,6
STU0464,ECE101,A,1
STU0464,ECE102,A+,2
STU0464,ECE201,O,3
STU0464,ECE202,B,4
STU0464,ECE301,F,5
STU0464,ECE302,B,6
STU0465,ME101,C,1
STU0465,ME102,A+,2
STU0465,ME201,F,3
STU0465,ME202,A+,4
STU0465,ME301,F,5
STU0465,ME302,F,6
STU0466,ECE101,B,1
STU0466,ECE102,F,2
STU0466,ECE201,B+,3
STU0466,ECE202,A,4
STU0466,ECE301,A,5
STU0466,ECE302,B+,6
STU0467,CE101,O,1
STU0467,CE102,B+,2
STU0467,CE201,F,3
STU0467,CE202,A+,4
STU0467,CE301,B,5
STU0467,CE302,C,6
STU0468,ME101,C,1
STU0468,ME102,F,2
STU0468,ME201,B+,3
STU0468,ME202,F,4
STU0468,ME301,B,5
STU0468,ME302,A+,6
STU0469,ME101,A,1
STU0469,ME102,B,2
STU0469,ME201,A+,3
STU0469,ME202,B+,4
STU0469,ME301,B+,5
STU0469,ME302,A+,6
STU0470,ECE101,B+,1
STU0470,ECE102,B,2
STU0470,ECE201,A,3
STU0470,ECE202,O,4
STU0470,ECE301,O,5
STU0470,ECE302,A,6
STU0471,ECE101,C,1
STU0471,ECE102,A+,2
STU0471,ECE201,B+,3
STU0471,ECE202,A+,4
STU0471,ECE301,A,5
STU0471,ECE302,B,6
STU0472,EEE101,B,1
STU0472,EEE102,O,2
STU0472,EEE201,A,3
STU0472,EEE202,O,4
STU0472,EEE301,A,5
STU0472,EEE302,B+,6
STU0473,ME101,A+,1
STU0473,ME102,A,2
STU0473,ME201,A,3
STU0473,ME202,C,4
STU0473,ME301,F,5
STU0473,ME302,O,6
STU0474,EEE101,B,1
STU0474,EEE102,A,2
STU0474,EEE201,A,3
STU0474,EEE202,B,4
STU0474,EEE301,C,5
STU0474,EEE302,F,6
STU0475,ECE101,B+,1
STU0475,ECE102,A,2
STU0475,ECE201,B,3
STU0475,ECE202,A,4
STU0475,ECE301,B+,5
STU0475,ECE302,A,6
STU0476,CE101,B+,1
STU0476,CE102,A+,2
STU0476,CE201,A+,3
STU0476,CE202,C,4
STU0476,CE301,A+,5
STU0476,CE302,B+,6
STU0477,ECE101,A+,1
STU0477,ECE102,O,2
STU0477,ECE201,O,3
STU0477,ECE202,A+,4
STU0477,ECE301,C,5
STU0477,ECE302,A,6
STU0478,CE101,F,1
STU0478,CE102,B+,2
STU0478,CE201,A,3
STU0478,CE202,B+,4
STU0478,CE301,B+,5
STU0478,CE302,B,6
STU0479,ME101,A,1
STU0479,ME102,A,2
STU0479,ME201,C,3
STU0479,ME202,C,4
STU0479,ME301,C,5
STU0479,ME302,A,6
STU0480,ECE101,B,1
STU0480,ECE102,A,2
STU0480,ECE201,A,3
STU0480,ECE202,A+,4
STU0480,ECE301,B+,5
STU0480,ECE302,A+,6
STU0481,CE101,A,1
STU0481,CE102,C,2
STU0481,CE201,A+,3
STU0481,CE202,O,4
STU0481,CE301,O,5
STU0481,CE302,C,6
STU0482,EEE101,B+,1
STU0482,EEE102,A,2
STU0482,EEE201,B,3
STU0482,EEE202,B,4
STU0482,EEE301,A,5
STU0482,EEE302,B+,6
STU0483,ECE101,B,1
STU0483,ECE102,B+,2
STU0483,ECE201,A+,3
STU0483,ECE202,C,4
STU0483,ECE301,B+,5
STU0483,ECE302,A,6
STU0484,ME101,A,1
STU0484,ME102,O,2
STU0484,ME201,A+,3
STU0484,ME202,B,4
STU0484,ME301,O,5
STU0484,ME302,A,6
STU0485,ME101,B+,1
STU0485,ME102,O,2
STU0485,ME201,F,3
STU0485,ME202,A+,4
STU0485,ME301,A,5
STU0485,ME302,A,6
STU0486,EEE101,A+,1
STU0486,EEE102,O,2
STU0486,EEE201,B,3
STU0486,EEE202,F,4
STU0486,EEE301,A+,5
STU0486,EEE302,B+,6
STU0487,CSE101,B,1
STU0487,CSE102,B,2
STU0487,CSE201,A,3
STU0487,CSE202,A,4
STU0487,CSE301,A,5
STU0487,CSE302,B,6
STU0488,CE101,B,1
STU0488,CE102,A+,2
STU0488,CE201,A,3
STU0488,CE202,C,4
STU0488,CE301,B,5
STU0488,CE302,F,6
STU0489,CE101,B,1
STU0489,CE102,A,2
STU0489,CE201,B+,3
STU0489,CE202,B+,4
STU0489,CE301,O,5
STU0489,CE302,B+,6
STU0490,CE101,B,1
STU0490,CE102,A+,2
STU0490,CE201,B,3
STU0490,CE202,B+,4
STU0490,CE301,F,5
STU0490,CE302,O,6
STU0491,CE101,A,1
STU0491,CE102,B+,2
STU0491,CE201,A,3
STU0491,CE202,B,4
STU0491,CE301,B,5
STU0491,CE302,A+,6
STU0492,ECE101,B+,1
STU0492,ECE102,B+,2
STU0492,ECE201,A,3
STU0492,ECE202,C,4
STU0492,ECE301,B,5
STU0492,ECE302,B+,6
STU0493,ME101,B,1
STU0493,ME102,A,2
STU0493,ME201,C,3
STU0493,ME202,B+,4
STU0493,ME301,B,5
STU0493,ME302,C,6
STU0494,CSE101,A,1
STU0494,CSE102,B,2
STU0494,CSE201,A+,3
STU0494,CSE202,A,4
STU0494,CSE301,A,5
STU0494,CSE302,F,6
STU0495,ECE101,C,1
STU0495,ECE102,B,2
STU0495,ECE201,B,3
STU0495,ECE202,B+,4
STU0495,ECE301,C,5
STU0495,ECE302,A,6
STU0496,CE101,A,1
STU0496,CE102,A+,2
STU0496,CE201,B,3
STU0496,CE202,B,4
STU0496,CE301,A,5
STU0496,CE302,O,6
STU0497,CE101,B,1
STU0497,CE102,O,2
STU0497,CE201,B,3
STU0497,CE202,F,4
STU0497,CE301,A,5
STU0497,CE302,A+,6
STU0498,CSE101,B,1
STU0498,CSE102,B,2
STU0498,CSE201,B+,3
STU0498,CSE202,F,4
STU0498,CSE301,O,5
STU0498,CSE302,B+,6
STU0499,ECE101,B,1
STU0499,ECE102,C,2
STU0499,ECE201,A+,3
STU0499,ECE202,B,4
STU0499,ECE301,B+,5
STU0499,ECE302,A,6
STU0500,CSE101,A+,1
STU0500,CSE102,C,2
STU0500,CSE201,A+,3
STU0500,CSE202,A,4
STU0500,CSE301,A,5
STU0500,CSE302,C,6
